"Permit_no","Status","Project_Description","Site_Address","Submitted","Approved","Closed","year_submitted","Address_Clean","location","latitude","longitude"
"BLD9203-28","COMPLETED","SFR and ADU 4762","4760 BELL ST",1992-03-04,NA,NA,"1992","4760 BELL ST","4760 BELL ST, Port Townsend, WA 98368",48.1343647,-122.8024906
"BLD9509-11","FINALED","Residential - expand home and build garage. ADU address is 411 22nd Street.","409 22ND ST",1995-09-26,NA,2000-10-31,"1995","409 22ND ST","409 22ND ST, Port Townsend, WA 98368",48.1157661,-122.7818353
"BLD9512-18","COMPLETED","Remodel outbuilding to ADU; setbacks are existing non-conforming; no changes proposed","606 ROOSEVELT ST",1995-12-01,NA,NA,"1995","606 ROOSEVELT ST","606 ROOSEVELT ST, Port Townsend, WA 98368",48.1219709,-122.7602163
"BLD96-00039","FINALED","Build garage with ADU over","613 ROSE ST",1996-03-27,NA,1996-08-05,"1996","613 ROSE ST","613 ROSE ST, Port Townsend, WA 98368",48.120719,-122.7713569
"BLD96-00082","FINALED","Construct accessory dwelling unit (ADU)","776 MADISON",1996-06-21,NA,1996-11-08,"1996","776 MADISON","776 MADISON, Port Townsend, WA 98368",48.1194169393939,-122.756785656566
"BLD96-00104","FINALED","New single-family residence (see Type 1) with detached studio (see Type 2). Studio qualifies as detached sleeping quarters but not as ADU or Efficiency Dwelling Unit.","1920 SPRUCE",1996-07-31,NA,1997-01-21,"1996","1920 SPRUCE","1920 SPRUCE, Port Townsend, WA 98368",48.1303768,-122.774634
"BLD96-00118","COMPLETED","Residential Remodel-Egress Window/Front Steps on ADU","1113 TAYLOR",1996-08-14,NA,NA,"1996","1113 TAYLOR","1113 TAYLOR, Port Townsend, WA 98368",48.1205339,-122.7624848
"BLD96-00129","COMPLETED","Residential - Garage with ADU on second floor.","1429 OLYMPIC AVE",1996-08-26,NA,NA,"1996","1429 OLYMPIC AVE","1429 OLYMPIC AVE, Port Townsend, WA 98368",48.1271357,-122.774175
"BLD96-00131","WITHDRAWN","Build new ADU 484 sq ft.","212 22ND ST",1996-08-27,NA,NA,"1996","212 22ND ST","212 22ND ST, Port Townsend, WA 98368",48.1162017,-122.7794277
"BLD96-00135","FINALED","ADU 794 sq ft with basement (576sq ft) and decks (200 sq ft). ADU address: 1810 Maple Street","1808 MAPLE ST",1996-08-28,NA,1997-01-21,"1996","1808 MAPLE ST","1808 MAPLE ST, Port Townsend, WA 98368",48.1284421,-122.765339
"BLD96-00153","EXPIRED","Residential - Build an ADU (withdrawn)","1533 FRANKLIN ST",1996-09-23,NA,NA,"1996","1533 FRANKLIN ST","1533 FRANKLIN ST, Port Townsend, WA 98368",48.1134162,-122.7651012
"BLD96-00189","FINALED","New Single family residence ( 827 57th ) with detached accessory dwelling unit (829 57th) over garage. (see additional inspection record for garage/ADU)","827 57TH ST",1996-11-21,NA,1997-08-11,"1996","827 57TH ST","827 57TH ST, Port Townsend, WA 98368",48.1408136,-122.7858766
"BLD96-00189AD","FINALED","New Single family residence ( 827 57th ) with detached accessory dwelling unit (829 57th) over garage. (see additional inspection record for garage/ADU)","827 57TH ST",1996-11-22,NA,1997-09-05,"1996","827 57TH ST","827 57TH ST, Port Townsend, WA 98368",48.1408136,-122.7858766
"BLD97-00141","COMPLETED","Residential - Two story addition to existing dwelling: Floor-1--enlarge living area and add carportl/storage; Floor-2--ADU.","1025 GARFIELD ST",1997-08-18,NA,NA,"1997","1025 GARFIELD ST","1025 GARFIELD ST, Port Townsend, WA 98368",48.1185057,-122.762595
"BLD97-00190","FINALED","Portion of existing outbuilding remodeled into ADU.","715 GRANT ST",1997-12-11,NA,1998-08-25,"1997","715 GRANT ST","715 GRANT ST, Port Townsend, WA 98368",48.1052443,-122.7917085
"BLD98-00001","FINALED","Residential Remodel: Remodel ADU in bottom floor of existing home.","5821 HILL ST",1998-01-05,NA,1998-10-09,"1998","5821 HILL ST","5821 HILL ST, Port Townsend, WA 98368",48.1419555,-122.7844715
"BLD98-00130","FINALED","New ADU - Renovate existing dwelling to create ADU space including spiral staircase, kitchen area and bathroom","720 PIERCE ST",1998-07-17,NA,2004-01-23,"1998","720 PIERCE ST","720 PIERCE ST, Port Townsend, WA 98368",48.1154827959184,-122.765855081633
"BLD98-00145","FINALED","Addition: New Garage and ADU 576 sq ft living space with 576 sq ft garage below porch of additional 36 sq ft ADU address 621 Scott St.","619 SCOTT ST",1998-08-10,NA,2001-06-07,"1998","619 SCOTT ST","619 SCOTT ST, Port Townsend, WA 98368",48.1126476,-122.7708151
"BLD98-00150","COMPLETED","Residential Remodel: Converting from space into a master bedroom and back entrance to studio apartment - (ADU)","536 CLAY ST",1998-08-14,NA,NA,"1998","536 CLAY ST","536 CLAY ST, Port Townsend, WA 98368",48.1187757,-122.755905
"BLD98-00153","COMPLETED","Residential Addition: New ADU/Studio 333 sq ft Non-electric heat","1207 BLAINE ST",1998-08-17,NA,NA,"1998","1207 BLAINE ST","1207 BLAINE ST, Port Townsend, WA 98368",48.1184405,-122.7646058
"BLD98-00175","COMPLETED","436 sq foot ADU with 90 sq foot porch","1715 GISE ST",1998-09-29,NA,NA,"1998","1715 GISE ST","1715 GISE ST, Port Townsend, WA 98368",48.1125501,-122.7874574
"BLD98-00210","FINALED","New single family residence - with ADU. ADU address is 1677 31st Street.","1671 31ST",1998-11-24,NA,1999-08-05,"1998","1671 31ST","1671 31ST, Port Townsend, WA 98368",48.1223521,-122.7960833
"BLD99-077","FINALED","New Home and Accessory Dwelling Unit ADU address is 985 Cass Street","987 CASS ST",1999-04-01,NA,2000-09-27,"1999","987 CASS ST","987 CASS ST, Port Townsend, WA 98368",48.1155308,-122.7706195
"BLD99-127","FINALED","Convert Studio to ADU","324 REED",1999-06-11,NA,2000-10-31,"1999","324 REED","324 REED, Port Townsend, WA 98368",48.1269181,-122.7612568
"BLD99-142","FINALED","Applying for occupancy permit for ADU in semi-finished basement, full-length of house, approx. 600 square feet","317 WILLOW ST",1999-06-25,NA,1999-07-01,"1999","317 WILLOW ST","317 WILLOW ST, Port Townsend, WA 98368",48.1183026696018,-122.770792783848
"BLD98-00129R-3","COMPLETED","Revision 1: finish basement for use as ADU.","305 33RD ST",1999-06-29,1999-06-29,NA,"1999","305 33RD ST","305 33RD ST, Port Townsend, WA 98368",48.1245405,-122.7803294
"BLD99-216","FINALED","Construct shell only for future detached ADU","1615 HOLCOMB ST",1999-10-25,1999-12-03,2001-09-18,"1999","1615 HOLCOMB ST","1615 HOLCOMB ST, Port Townsend, WA 98368",48.1118473,-122.7864243
"BLD99-252","FINALED","New ADU","1224 GARFIELD",1999-12-14,1999-12-14,2001-12-21,"1999","1224 GARFIELD","1224 GARFIELD, Port Townsend, WA 98368",48.1179582,-122.7645508
"BLD00-038","FINALED","Lower windows in upper bedrooms to meet ADU requirements","981 MONROE",2000-03-07,NA,2000-05-03,"2000","981 MONROE","981 MONROE, Port Townsend, WA 98368",48.1213205918367,-122.757438653061
"BLD00-088R-1","COMPLETED","Repair and remodel ADU.","867 POLK ST",2000-05-08,2000-05-09,NA,"2000","867 POLK ST","867 POLK ST, Port Townsend, WA 98368",48.1179635,-122.7635114
"BLD00-088","COMPLETED","Foundation work, relocate bathroom, replace bath and kitchen fixtures, new partition wall, new ceiling in kitchen, repair and remodel ADU (See R-1).","1123 GARFIELD",2000-05-08,2000-05-09,NA,"2000","1123 GARFIELD","1123 GARFIELD, Port Townsend, WA 98368",48.1181337,-122.7635719
"BLD00-098","FINALED","Foundation for ADU - ADU moved from Blaine Street, MIS00-016","1508 HASTINGS",2000-05-19,2000-05-19,2001-08-28,"2000","1508 HASTINGS","1508 HASTINGS, Port Townsend, WA 98368",48.120498,-122.7940656
"BLD00-121","COMPLETED","Build 2342 square foot house, and 18 square foot deck. See BLD00-121R-1 for garage and BLD00-121R-2 for ADU","4375 ERIN ST",2000-06-19,2000-06-19,NA,"2000","4375 ERIN ST","4375 ERIN ST, Port Townsend, WA 98368",48.1317803,-122.7876373
"BLD00-121R-2","FINALED","Rev #2: build 940 sq ft ADU and 200 sq ft deck","4375 GISE ST",2000-06-19,2000-06-19,2001-06-11,"2000","4375 GISE ST","4375 GISE ST, Port Townsend, WA 98368",48.1064152,-122.7870578
"BLD00-124","FINALED","Repair ADU and re-roof residence","1906 JEFFERSON ST",2000-06-23,2000-06-23,2000-12-05,"2000","1906 JEFFERSON ST","1906 JEFFERSON ST, Port Townsend, WA 98368",48.1114825,-122.7685938
"BLD00-156","FINALED","New SFR - 720 sq ft house with 150 sq ft deck; larger house to be built later, and this one converted to ADU at that point.","1194 57TH ST",2000-08-04,2000-08-04,2000-12-08,"2000","1194 57TH ST","1194 57TH ST, Port Townsend, WA 98368",48.1409673,-122.7909697
"BLD00-158","FINALED","New 866 sq ft residence (future ADU) Also parcel numbers 993-600-502, 993-600-505, 993-600-507. See BLD00-158R-1 for barn.","1939 49TH ST",2000-08-10,2000-08-10,2001-03-13,"2000","1939 49TH ST","1939 49TH ST, Port Townsend, WA 98368",48.138526,-122.7992902
"BLD00-199","FINALED","New detached 548 sq ft ADU with 112 sq ft of deck and 64 sq ft of porch on Lot 5.","1180 JEFFERSON ST",2000-10-12,2000-10-12,2001-09-28,"2000","1180 JEFFERSON ST","1180 JEFFERSON ST, Port Townsend, WA 98368",48.1146810204082,-122.760611938776
"BLD00-208","COMPLETED","ADU and Garage","1010 MADISON ST",2000-10-23,2000-10-26,NA,"2000","1010 MADISON ST","1010 MADISON ST, Port Townsend, WA 98368",48.1213174883982,-122.758549855838
"BLD00-224","FINALED","480 square foot ADU","951 G ST",2000-11-15,2000-11-15,2001-06-19,"2000","951 G ST","951 G ST, Port Townsend, WA 98368",48.1218257,-122.772585
"BLD00-231","FINALED","Remodel interior of existing ADU to add bathroom, insulation and better kitchen area.","1231 MILO ST",2000-11-29,2000-11-29,2001-05-22,"2000","1231 MILO ST","1231 MILO ST, Port Townsend, WA 98368",48.1263485,-122.7746769
"BLD00-247R-1","COMPLETED","New ADU","2312 THOMAS ST",2000-12-28,2000-12-28,NA,"2000","2312 THOMAS ST","2312 THOMAS ST, Port Townsend, WA 98368",48.1167111818182,-122.799346575758
"BLD00-247","COMPLETED","New SFR; ADU and Accessory BLD as revisions.. Address for ADU is 2312 Thomas Street.","2310 THOMAS ST",2000-12-28,2000-12-28,NA,"2000","2310 THOMAS ST","2310 THOMAS ST, Port Townsend, WA 98368",48.116858,-122.7991152
"BLD01-007","FINALED","Add upper floor and lower floor square footage to ADU. Also repair roof, add floor system, foundation, covered porch.","735 CALHOUN ST",2001-01-08,2001-01-08,2001-01-23,"2001","735 CALHOUN ST","735 CALHOUN ST, Port Townsend, WA 98368",48.1146767,-122.7684084
"BLD00-154R-1","COMPLETED","Rev #1: make ADU out of unfinished basement.","1426 CLEVELAND",2001-01-31,2001-01-31,NA,"2001","1426 CLEVELAND","1426 CLEVELAND, Port Townsend, WA 98368",48.1103669,-122.7889861
"BLD01-029","FINALED","New single-family residence - 1601 square feet with 676 sq. ft garage with 436 sq. ft loft for future ADU","877 MONROE ST",2001-02-15,2001-02-27,2002-06-04,"2001","877 MONROE ST","877 MONROE ST, Port Townsend, WA 98368",48.1205057,-122.757005
"BLD01-072","FINALED","New 748 sq. ft ADU with 308 sq. ft garage","732 GISE ST",2001-04-09,2001-04-25,2001-05-10,"2001","732 GISE ST","732 GISE ST, Port Townsend, WA 98368",48.1054765,-122.7868534
"BLD01-129","INCOMPLETE","New 2316 sq. ft. single family residence. Has applied for and received permission for a septic permit. ADU address (basement) is 2802 20th Street. Basement is rastra block.","2800 20TH ST",2001-06-07,2001-08-27,2015-01-22,"2001","2800 20TH ST","2800 20TH ST, Port Townsend, WA 98368",48.1150913,-122.8095703
"BLD01-137R-1","COMPLETED","Construct detached studio - 168 sq. ft. (too small for ADU)","1422 WASHINGTON ST",2001-06-12,2001-06-26,NA,"2001","1422 WASHINGTON ST","1422 WASHINGTON ST, Port Townsend, WA 98368",48.1128677,-122.7629659
"BLD01-146","COMPLETED","New ADU - 780 sq. ft. heated space, storage (attic) 72.5 sq. ft, 502 sq. ft. garage, 48 sq. ft. deck","990 57TH ST",2001-06-19,2001-06-22,NA,"2001","990 57TH ST","990 57TH ST, Port Townsend, WA 98368",48.1412557,-122.788555
"BLD01-146R-1","COMPLETED","Rev #1: foundation only for ADU","990 57TH ST",2001-06-25,2001-06-25,NA,"2001","990 57TH ST","990 57TH ST, Port Townsend, WA 98368",48.1412557,-122.788555
"BLD01-159R-1","COMPLETED","Revision #1: ADU inspection for 1717 Garfield Street, part of 835 Calhoun Street structure.","1717 GARFIELD ST",2001-07-20,2001-07-20,NA,"2001","1717 GARFIELD ST","1717 GARFIELD ST, Port Townsend, WA 98368",48.1153246,-122.7693037
"BLD01-216","COMPLETED","Move 400 sq. ft. structure onto property for eventual use as heated space and potential ADU (must get county septic permission for ADU). Will be unheated space for now.","2522 HASTINGS AVE",2001-10-17,2001-10-17,NA,"2001","2522 HASTINGS AVE","2522 HASTINGS AVE, Port Townsend, WA 98368",48.120363,-122.8061094
"BLD01-072R-2","COMPLETED","Rev #2: build 6 foot high retaining wall for 1-1/2 car parking area adjacent to ADU","732 GISE ST",2001-10-23,2001-10-23,NA,"2001","732 GISE ST","732 GISE ST, Port Townsend, WA 98368",48.1054765,-122.7868534
"BLD01-238","FINALED","New 2950 sf sfr; also shop and adu under BLD01-238 R1","1039 JACKSON ST",2001-11-27,2001-12-14,2003-07-16,"2001","1039 JACKSON ST","1039 JACKSON ST, Port Townsend, WA 98368",48.1224468,-122.7575032
"BLD01-238R-1","FINALED","1 detached structure including 794sf shop and 720sf adu; also new sfr under bld01-238","1037 JACKSON ST",2001-11-27,2001-12-10,2003-07-16,"2001","1037 JACKSON ST","1037 JACKSON ST, Port Townsend, WA 98368",48.1223883,-122.7573262
"BLD01-247","FINALED","remodel existing garage into ADU; .","530 WALKER ST",2001-12-21,2001-12-21,2002-05-17,"2001","530 WALKER ST","530 WALKER ST, Port Townsend, WA 98368",48.1128201,-122.7686525
"BLD01-248","FINALED","New ADU","710 CASS ST",2001-12-27,2001-12-27,2002-06-10,"2001","710 CASS ST","710 CASS ST, Port Townsend, WA 98368",48.1141669591837,-122.768881408163
"BLD02-027","FINALED","Convert existing heated storage space (former art studio) into ADU. No change to windows or doors. Adding walls, bathroom and kitchen.","703 R ST",2002-02-12,2002-02-12,2002-08-07,"2002","703 R ST","703 R ST, Port Townsend, WA 98368",48.1295831,-122.7757779
"BLD02-038","FINALED","Build ADU - 800 sq. ft. 1 bedroom 1 bath west of existing SFR.","1614 ROSEWOOD ST",2002-03-01,2002-03-01,2003-01-28,"2002","1614 ROSEWOOD ST","1614 ROSEWOOD ST, Port Townsend, WA 98368",48.1283494,-122.774142
"BLD02-040","COMPLETED","New ADU 440 sq.ft.","306 V ST",2002-03-01,2002-03-01,NA,"2002","306 V ST","306 V ST, Port Townsend, WA 98368",48.1311335,-122.7637402
"BLD00-228R-2","COMPLETED","Rev #2: finish ADU above unheated art studio - add exterior entry, move bathroom, add kitchen, add heat source, move window, add insulation and drywall. Note: applicant already paid for this space to be finished BLD00-228.","1113 HASTINGS AVE",2002-03-29,2002-03-29,NA,"2002","1113 HASTINGS AVE","1113 HASTINGS AVE, Port Townsend, WA 98368",48.1198697,-122.7898013
"BLD02-067","FINALED","New single family residence with ADU - ADU exists currently, but is the ADU to 2124 Wilson Street. New house to be 2 bedroom, 1-1/2 baths, 1500 sq. ft. with 320 sq. ft. garage and 100 sq. ft. unheated utility room. ADU Address: 925 22nd Street.","929 22ND ST",2002-04-10,2002-04-10,2007-03-27,"2002","929 22ND ST","929 22ND ST, Port Townsend, WA 98368",48.115966,-122.7876044
"BLD02-070","EXPIRED","Convert existing unheated 324 sq. ft garage to heated ADU with one bath.","1705 MONROE ST",2002-04-12,2002-04-12,NA,"2002","1705 MONROE ST","1705 MONROE ST, Port Townsend, WA 98368",48.1255765,-122.7621718
"BLD02-075","EXPIRED","Convert workroom part of existing garage into 323 sq. ft. ADU. Convert to heated space with propane heater. Propane is piped to garage now, and capped off. No change to walls or locations of windows or doors.","1712 CLAY ST",2002-04-17,2002-04-17,NA,"2002","1712 CLAY ST","1712 CLAY ST, Port Townsend, WA 98368",48.1138256,-122.7679472
"BLD02-078","COMPLETED","New 665 sf ADU over new 558 sf garage with 169 sf utility room.","1415 CLAY ST",2002-04-22,2002-04-22,NA,"2002","1415 CLAY ST","1415 CLAY ST, Port Townsend, WA 98368",48.1147031,-122.7644147
"BLD02-079","FINALED","New 550 sf ADU over new 500 sf garage.","800 FIR ST",2002-04-22,2002-04-22,2003-02-18,"2002","800 FIR ST","800 FIR ST, Port Townsend, WA 98368",48.1214171,-122.7683009
"BLD02-114R-1","FINALED","Build ADU/Garage: garage is 320 sq. ft. and ADU (1 bedroom 1 bath) is 380 sq. ft. - detached from house - BLD02-114","5053 LANDES ST",2002-05-28,2002-07-10,2003-02-28,"2002","5053 LANDES ST","5053 LANDES ST, Port Townsend, WA 98368",48.1364441036632,-122.783202848848
"BLD02-114","FINALED","Build 784 sq. ft. 2 bedroom 1-1/2 bath dwelling with separate shop/ADU -see BLD02-114R-1. House has 255 sq. ft. of porch and 144 sq. ft. sunroom.","5051 LANDES ST",2002-05-28,2002-07-10,2003-02-28,"2002","5051 LANDES ST","5051 LANDES ST, Port Townsend, WA 98368",48.1365216,-122.7833922
"BLD02-136","FINALED","Addition to existing ADU - 198 sq. ft. on the main floor and 75 sq. ft. in the loft to make 500 sq. ft. total.","654 D ST",2002-06-20,2002-06-28,2004-09-07,"2002","654 D ST","654 D ST, Port Townsend, WA 98368",48.119553,-122.769845
"BLD02-144","FINALED","New 2 bedroom 2 bath 1964 sq. ft. home with 218 sq. ft. deck; detached 681 sq. ft. garage with 760 sq. ft. ADU (1bedroom 1 bath) above.","1688 TAYLOR ST",2002-07-01,2002-07-02,2003-02-26,"2002","1688 TAYLOR ST","1688 TAYLOR ST, Port Townsend, WA 98368",48.1238057,-122.764925
"BLD02-151R-1","FINALED","Build ADU on same property as duplex. 624 sq. ft. with one bedroom loft, one bath, with 624 sq. ft. shop below. See BLD02-151 for duplex.","4426 SAN JUAN AVE",2002-07-08,2002-07-18,2008-11-25,"2002","4426 SAN JUAN AVE","4426 SAN JUAN AVE, Port Townsend, WA 98368",48.1312957,-122.7775048
"BLD02-151","FINALED","Build a duplex; Each duplex is 1028 sq. ft., 2 bedroom 1 bath, and 286 sq. ft. garage and 78 sq. ft. porch. Duplex is 4420/4422. See BLD02- 151R-1 for ADU/Shop","4420 SAN JUAN AVE",2002-07-08,2002-07-18,2008-11-25,"2002","4420 SAN JUAN AVE","4420 SAN JUAN AVE, Port Townsend, WA 98368",48.1311752,-122.7775007
"BLD02-178","FINALED","Jack up house and put 1396 sq. ft. addition underneath for ADU; remove deck and stairs and put living space under, and replace 268 sq. ft. of deck. Increases 2 bed 1 bath to 4 bed 2 bath.","533 21ST ST",2002-07-29,2002-09-05,2005-09-01,"2002","533 21ST ST","533 21ST ST, Port Townsend, WA 98368",48.1151095,-122.783593
"BLD02-192","FINALED","Convert 825 sq. ft. basement to 1 bedroom, 1 bath ADU.","864 53RD ST",2002-08-13,2002-08-13,2003-06-26,"2002","864 53RD ST","864 53RD ST, Port Townsend, WA 98368",48.1382108338987,-122.786720432889
"BLD02-202","FINALED","Remodel 392 sq. ft. unheated garage to art studio with one bath and propane heat. May become an ADU in the future.","1646 LANDES ST",2002-08-22,2002-08-22,2003-01-07,"2002","1646 LANDES ST","1646 LANDES ST, Port Townsend, WA 98368",48.1123946,-122.7822148
"BLD02-250","FINALED","New 1300 sq. ft. 3 bedroom, 2 bath manufactured home to be sited behind existing single family residence, which will become an ADU. Does not want to tie into existing house, will tap into main lines. Will use existing driveway.","1120 30TH ST",2002-10-21,2002-10-21,2003-07-25,"2002","1120 30TH ST","1120 30TH ST, Port Townsend, WA 98368",48.1221577,-122.7902792
"BLD02-260","FINALED","New 1 bedroom, 1 bath efficiency dwelling unit (ADU), 560 sq. ft. with attached 480 sq. ft. garage.","2832 HANCOCK ST",2002-10-28,2002-10-28,2005-01-13,"2002","2832 HANCOCK ST","2832 HANCOCK ST, Port Townsend, WA 98368",48.1206379,-122.7953995
"BLD02-261","FINALED","New 640 sq. ft. ADU with loft and 495 sq. ft. garage/shop on the bottom.","1417 CENTER ST",2002-10-28,2002-10-30,2003-05-29,"2002","1417 CENTER ST","1417 CENTER ST, Port Townsend, WA 98368",48.1276941,-122.7763531
"BLD02-272","FINALED","New 896 sq. ft. garage/studio/shop with 800 sq. ft. ADU above ( 2 bedroom, 1-1/2 bath)","251 47TH ST",2002-12-06,2003-01-10,2003-06-02,"2002","251 47TH ST","251 47TH ST, Port Townsend, WA 98368",48.1338711,-122.7792612
"BLD03-020","FINALED","Build 624 sq. ft. studio ADU, with 259 sq. ft. garage and 217 sq. ft. unheated storage on the bottom. Single family residence to be built later.","4652 WILLAMETTE ST",2003-01-29,2003-01-29,2003-09-30,"2003","4652 WILLAMETTE ST","4652 WILLAMETTE ST, Port Townsend, WA 98368",48.133892,-122.8036472
"BLD03-022","FINALED","Build 1996 sq. ft. house (will demo existing under MIS03-002) and for garage/ADU install new door, siding, and beam.","605 T ST",2003-01-30,2003-03-06,2004-01-12,"2003","605 T ST","605 T ST, Port Townsend, WA 98368",48.1296689,-122.7668802
"BLD03-059","FINALED","Convert existing garage into ADU; add wood deck.","921 ROOSEVELT ST",2003-03-12,2003-03-12,2004-11-09,"2003","921 ROOSEVELT ST","921 ROOSEVELT ST, Port Townsend, WA 98368",48.1205533,-122.7629088
"BLD03-064","FINALED","Build new ADU - attach to existing single family residence.","1109 ROSECRANS ST",2003-03-14,2003-04-16,2005-12-16,"2003","1109 ROSECRANS ST","1109 ROSECRANS ST, Port Townsend, WA 98368",48.107928,-122.7972641
"BLD02-166R-1","EXPIRED","Revision #1: add insulation, electric heat, and plumbing for future bar sink in accessory building. (No kitchen, not an ADU)","2205 REDWOOD",2003-04-17,2003-04-17,2007-05-25,"2003","2205 REDWOOD","2205 REDWOOD, Port Townsend, WA 98368",48.1319713036992,-122.771382273375
"BLD03-094","FINALED","New 377 sq. ft. ADU (1 bedroom, 1 bath with loft)","420 CASS ST",2003-04-22,2003-06-05,2009-09-22,"2003","420 CASS ST","420 CASS ST, Port Townsend, WA 98368",48.1122898,-122.7669789
"BLD03-106","FINALED","Construct ADU - 800 sq. ft. with 284 sq. ft. garage.","1409 BLAINE",2003-05-09,2003-05-13,2004-05-20,"2003","1409 BLAINE","1409 BLAINE, Port Townsend, WA 98368",48.1171452,-122.7667763
"BLD03-116","FINALED","Convert garage to ADU. Add 66 sq. ft. on bottom, and 147 sq. ft. loft for total of 469 sq. ft.","635 CALHOUN ST",2003-05-22,2003-07-18,2008-11-25,"2003","635 CALHOUN ST","635 CALHOUN ST, Port Townsend, WA 98368",48.1139611,-122.7680776
"BLD03-116R-1","FINALED","Revision #1: foundation only for addition to existing garage for ADU (BLD03-116) - 70 sq. ft. - two additions on east and south sides.","635 CALHOUN ST",2003-05-22,2007-09-21,2007-09-21,"2003","635 CALHOUN ST","635 CALHOUN ST, Port Townsend, WA 98368",48.1139611,-122.7680776
"BLD03-130","FINALED","Above existing garage build crafts studio with 1 bedroom and bath. No kitchen facilities, so not an ADU. Also finish inside of garage.","420 REED ST",2003-06-09,2003-06-09,2003-12-19,"2003","420 REED ST","420 REED ST, Port Townsend, WA 98368",48.1262978,-122.7622204
"BLD03-132","FINALED","Build 360 sq. ft. 1 bedroom 1 bath single family residence with 360 sq. ft. garage underneath. Will serve as ADU after SFR is built in future.","5150 KUHN ST",2003-06-13,2003-06-13,2005-01-28,"2003","5150 KUHN ST","5150 KUHN ST, Port Townsend, WA 98368",48.1370511,-122.7817948
"BLD03-059R-1","FINALED","Build ADU; plan to convert garage to ADU changed when garage collapsed. Now building new structure which is 356 sq. ft. 1 bedroom 1 bath with 192 sq. ft. deck.","921 ROOSEVELT ST",2003-06-16,2003-06-16,2004-11-09,"2003","921 ROOSEVELT ST","921 ROOSEVELT ST, Port Townsend, WA 98368",48.1205533,-122.7629088
"BLD03-137","FINALED","New single family residence; 1921 31st Street will become the ADU. 1118 sq. ft. with 73 sq. ft. porch, 2 bedrooms, 1-3/4 bath.","1919 31ST ST",2003-06-18,2003-06-18,2005-02-16,"2003","1919 31ST ST","1919 31ST ST, Port Townsend, WA 98368",48.1222764,-122.7989928
"BLD03-147","FINALED","Build 280 sq. ft. ADU (1 bedroom, 1 bath) using existing driveway","1622 FRANKLIN ST",2003-06-27,2003-06-27,2003-12-16,"2003","1622 FRANKLIN ST","1622 FRANKLIN ST, Port Townsend, WA 98368",48.1134946,-122.7663202
"BLD03-158","FINALED","Convert existing space attached to 905 Monroe into ADU (1 bedroom, 1 bath studio).","520 GARFIELD",2003-07-03,2003-12-22,2004-07-06,"2003","520 GARFIELD","520 GARFIELD, Port Townsend, WA 98368",48.1208957,-122.757355
"BLD03-132R-1","FINALED","Rev #1: extend building 4 feet in length for an extra 64 sq. ft. on garage, 72 sq. ft. for ADU upstairs.","5150 KUHN ST",2003-08-11,2003-08-11,2005-01-28,"2003","5150 KUHN ST","5150 KUHN ST, Port Townsend, WA 98368",48.1370511,-122.7817948
"BLD03-188","COMPLETED","Build 742 sq. ft. 1 bedroom 1 bath house with 253 sq. ft. carport, 65 sq. ft. porch and 230 sq. ft. patio slab. Will become ADU in the future.","2045 31ST ST",2003-08-12,2003-10-22,NA,"2003","2045 31ST ST","2045 31ST ST, Port Townsend, WA 98368",48.1225007632388,-122.799024353313
"BLD03-211","FINALED","New deck and stairs, new door and change interior stairwell for ADU.","710 CASS ST",2003-09-10,2003-09-10,2004-01-06,"2003","710 CASS ST","710 CASS ST, Port Townsend, WA 98368",48.1141669591837,-122.768881408163
"BLD03-225","FINALED","Create Adult Family Home ( for 2 bedrooms) in Single Family Residence.","163 25TH ST",2003-09-25,2003-09-25,2008-11-25,"2003","163 25TH ST","163 25TH ST, Port Townsend, WA 98368",48.118394,-122.7793069
"BLD03-094R-1","EXPIRED","Revision #1: change foundation for ADU to rectangle shape. Move back door from east side to north side.","420 CASS ST",2003-10-06,2003-10-06,NA,"2003","420 CASS ST","420 CASS ST, Port Townsend, WA 98368",48.1122898,-122.7669789
"BLD03-298","FINALED","New 2240 sf SFR that includes ADU over garage; 312 sf carport; ADU is addressed as 2000 East Caroline","2002 EAST CAROLINE",2003-12-19,2004-01-14,2004-07-15,"2003","2002 EAST CAROLINE","2002 EAST CAROLINE, Port Townsend, WA 98368",48.1365957,-122.799965
"BLD04-001R-1","FINALED","Build 2 bedroom, 1-3/4 bath 1199 sq. ft. house with 40 sq. ft. porch ; and separate 1 bedroom 1 bath studio ADU above 348 sq. ft. attached garage (see R-1)","1111 56TH ST",2004-01-02,2003-03-02,2006-07-14,"2004","1111 56TH ST","1111 56TH ST, Port Townsend, WA 98368",48.1400956186099,-122.79036758991
"BLD04-001","FINALED","Revision #1: build 366 sq. ft. detached ADU (studio, 1 bath) above 348 sq. ft. garage.","1113 56TH ST",2004-01-02,2004-02-24,2006-07-14,"2004","1113 56TH ST","1113 56TH ST, Port Townsend, WA 98368",48.1401039,-122.7903153
"BLD04-011","FINALED","Build 624 sq. ft. ADU with 46 sq. ft. of storage and 256 sq. ft. of deck on top of existing garage.","5631 KUHN ST",2004-01-14,2004-01-14,2004-08-26,"2004","5631 KUHN ST","5631 KUHN ST, Port Townsend, WA 98368",48.1406048809524,-122.782221285714
"BLD04-014","EXPIRED","Convert existing garage-type building to ADU - make 310 sq. ft. heated space and 80 sq. ft. deck.","804 TYLER ST",2004-01-16,2004-01-21,NA,"2004","804 TYLER ST","804 TYLER ST, Port Townsend, WA 98368",48.118154969697,-122.761233949495
"BLD04-015","FINALED","New detached 655 sq. ft. ADU with 24 sq. ft. porch.","2959 SHERMAN ST",2004-01-21,2004-01-21,2004-06-28,"2004","2959 SHERMAN ST","2959 SHERMAN ST, Port Townsend, WA 98368",48.1215534,-122.7940151
"BLD04-032R-1","FINALED","Revision #1: detached 580 sq. ft. ADU on top of 580 sq. ft. garage","682 DISCOVERY RD",2004-02-12,2004-03-18,2005-05-31,"2004","682 DISCOVERY RD","682 DISCOVERY RD, Port Townsend, WA 98368",48.115665,-122.7854654
"BLD04-032","FINALED","New 1248 sq. ft. 3 bedroom 2-1/2 bath single family residence with detached garage/ADU (See R-1)","680 DISCOVERY RD",2004-02-12,2004-03-18,2005-05-31,"2004","680 DISCOVERY RD","680 DISCOVERY RD, Port Townsend, WA 98368",48.1157642,-122.7854684
"BLD04-042","EXPIRED","New 1190 sq. ft. house with 400 sq. ft. unfinished basement, 40 sq. ft. porch and 240 sq. ft. deck. Existing house at 325 Willow Street to become the ADU. 2/15/04 - permit expired; no refund authorized.","321 WILLOW ST",2004-02-20,NA,NA,"2004","321 WILLOW ST","321 WILLOW ST, Port Townsend, WA 98368",48.1185901,-122.7708981
"BLD04-045","EXPIRED","New 640 sq. ft. ADU, 1 bedroom 1-1/2 baths with 320 sq. ft. unfinished basement and 160 sq. ft. porch.","432 30TH ST",2004-02-23,2004-02-23,NA,"2004","432 30TH ST","432 30TH ST, Port Townsend, WA 98368",48.1222232,-122.7814696
"BLD04-047","FINALED","New 240 sq. ft. ADU with 40 sq. ft. porch - conversion from shed to heated space.","940 GISE ST",2004-02-24,2004-02-24,2004-06-28,"2004","940 GISE ST","940 GISE ST, Port Townsend, WA 98368",48.1070372,-122.7868294
"BLD04-065","FINALED","New 500 sq. ft. 1 bedroom 1 bath ADU with 12 sq. ft. porch, accessory to 1442 30th Street.","1446 30TH ST",2004-03-05,2004-03-05,2004-08-27,"2004","1446 30TH ST","1446 30TH ST, Port Townsend, WA 98368",48.1219884,-122.7931444
"BLD04-069","FINALED","New 799 sq. ft. 2 bedroom 1 bath ADU with 30 sq. ft. porch, accessory to 131 Rose Street.","851 A ST",2004-03-09,2004-03-09,2004-10-14,"2004","851 A ST","851 A ST, Port Townsend, WA 98368",48.117396,-122.7725914
"BLD04-086","FINALED","Build 1884 sq. ft. 2 bedroom 2.5 bath single family residence, with 400 sq. ft. attached garage, 50 sq. ft. porch and 574 sq. ft. deck. ADU already permitted under BLD03-132.","5100 KUHN ST",2004-03-23,2004-03-23,2005-02-11,"2004","5100 KUHN ST","5100 KUHN ST, Port Townsend, WA 98368",48.1369166,-122.7817969
"BLD04-101","FINALED","In response to COD03-016, new owner needs to permit work done to create heated space next to detached garage, and in attic area of house. She bought the house with tenants in each, but there are too many units. Maximum use is a house plus one ADU. Will need to revalue and add space in attic to what she paid for the garage heated space. Will be removing kitchen appliances in the additional units.","409 22ND ST",2004-04-08,2004-05-07,2009-04-03,"2004","409 22ND ST","409 22ND ST, Port Townsend, WA 98368",48.1157661,-122.7818353
"BLD04-103","FINALED","Add 127 sq. ft. of kitchen and laundry area to first floor. Intent is for owners to stay there and use existing adjacent bathroom and ""shop"" space - is it an ADU?","4680 MCNEIL ST",2004-04-09,2004-04-20,2005-06-28,"2004","4680 MCNEIL ST","4680 MCNEIL ST, Port Townsend, WA 98368",48.114493,-122.7790088
"BLD04-142","FINALED","New 3 bedroom 3 bath single family residence - 3230 sq. ft. with 963. ft. garage, 53 sq. ft. porch and 341 sq. ft. deck, has elevator. Note: downstairs has a canning kitchen and is being built with 1 hr separation in case future buyers want to convert into ADU.","1360 HOLCOMB ST",2004-05-18,2004-05-18,2005-03-18,"2004","1360 HOLCOMB ST","1360 HOLCOMB ST, Port Townsend, WA 98368",48.1098799,-122.7859149
"BLD04-145","FINALED","New 1 bedroom 1 bath single family residence - 648 sq. ft. with 168 sq. ft. patio slab - be Adu when larger house is built in future.","780 57TH ST",2004-05-21,2004-05-21,2005-06-18,"2004","780 57TH ST","780 57TH ST, Port Townsend, WA 98368",48.1411725,-122.7848402
"BLD04-148","FINALED","Place 1 bedroom, 1 bath 504 sq. ft. manufactured home on lot. Will be ADU when future house is built.","4915 GRANT ST",2004-05-27,2004-05-27,2005-01-21,"2004","4915 GRANT ST","4915 GRANT ST, Port Townsend, WA 98368",48.1354241,-122.7921611
"BLD04-169","EXPIRED","Special inspection for existing ADU in the basement of single family residence at 1727 Washington Street; wants to convert existing caretaker's unit to ADU.","1725 WASHINGTON ST",2004-06-04,2004-06-04,NA,"2004","1725 WASHINGTON ST","1725 WASHINGTON ST, Port Townsend, WA 98368",48.111468244898,-122.765540408163
"BLD04-173R-1","FINALED","New 624 sq. ft. office above 624 sq. ft. semi-finished garage, with 20 sq. ft. deck with exterior stairs in Lynnesfield Phase 2 Lot 19. This is not an ADU, and is accessory to house.","4076 HOLCOMB ST",2004-06-10,2004-06-10,2005-06-27,"2004","4076 HOLCOMB ST","4076 HOLCOMB ST, Port Townsend, WA 98368",48.129741,-122.7859692
"BLD04-186R-2","FINALED","Move a 842 sq. ft. accessory structure (to be 674 sq ft ADU and 168 sq ft office) onto property, build foundation","806 POLK ST",2004-06-14,2004-06-18,2005-08-03,"2004","806 POLK ST","806 POLK ST, Port Townsend, WA 98368",48.1177341,-122.7621177
"BLD04-186R-1","FINALED","Move a 734 sq. ft house, build foundations; house is to have full basement. See R-1 for ADU/office, also moved onto property","808 POLK ST",2004-06-14,2004-06-14,2005-08-03,"2004","808 POLK ST","808 POLK ST, Port Townsend, WA 98368",48.1177381,-122.7620076
"BLD04-187","EXPIRED","New single family residence with ADU in daylight basement - house is 1605 sq. ft. 2 bedroom 2 bath with attached 324 sq. ft. unheated shop and 540 sq. ft. garage; 1 bedroom 1 bath ADU with 306 sq. ft. unheated storage. See R-1 for detached shop/garage. ADU - 4002 Holcomb.","3998 HOLCOMB ST",2004-06-23,2004-08-11,2007-05-03,"2004","3998 HOLCOMB ST","3998 HOLCOMB ST, Port Townsend, WA 98368",48.1291607,-122.7859963
"BLD04-190","FINALED","Create ADU out of non-conforming garage structure (w/regard to setbacks) - will be 680 sq. ft. of heated space, 1 bedroom 1 bath with loft added. No change to footprint.","833 POLK ST",2004-06-24,2004-07-12,2009-04-03,"2004","833 POLK ST","833 POLK ST, Port Townsend, WA 98368",48.1178620098363,-122.762722374224
"BLD04-192","FINALED","New 3 bedroom 2.5 bath 2271 sq. ft. single family residence with 1 bedroom 1 bath ADU on lower floor (676 sq. ft of total 2271) with 76 sq. ft. porch, 19 sq. ft. deck and 144 sq. ft. solarium. 506 Lawrence Street.","508 LAWRENCE ST",2004-06-30,2004-06-30,2005-07-07,"2004","508 LAWRENCE ST","508 LAWRENCE ST, Port Townsend, WA 98368",48.1196042,-122.7560423
"BLD04-201","FINALED","Build 676 sq. ft. garage with 508 sq. ft. 1 bedroom 1 bath SFR with 35 sq. ft. of storage above garage. Will become ADU in future.","1645 JACKMAN ST",2004-07-07,2004-07-07,2005-09-01,"2004","1645 JACKMAN ST","1645 JACKMAN ST, Port Townsend, WA 98368",48.1119923,-122.7852309
"BLD04-255","EXPIRED","Remove existing carport & storage bldg. and build new 240 sq. ft. garage/245 sq. ft. ADU (I bedroom, I bath).","1151 20TH ST",2004-09-20,2004-09-20,NA,"2004","1151 20TH ST","1151 20TH ST, Port Townsend, WA 98368",48.1143353621201,-122.789913078683
"BLD04-267","FINALED","Renovate existing basement to ADU - 658 sq. ft, 1 bedroom 1 bath.","5708 KUHN ST",2004-09-30,2004-09-30,2005-04-15,"2004","5708 KUHN ST","5708 KUHN ST, Port Townsend, WA 98368",48.1411702653061,-122.781959693878
"BLD04-272","FINALED","Special inspection for adult family home - Tom Aumock did inspection 10/1/04.","3035 SHERIDAN ST",2004-10-01,2004-10-01,2009-08-10,"2004","3035 SHERIDAN ST","3035 SHERIDAN ST, Port Townsend, WA 98368",48.1224457,-122.791375
"BLD04-284","FINALED","Convert existing storage building into ADU - studio with one bath. Note: Building is existing non-conforming with regards to setbacks - is on the east property line. No windows will be on that side.","1116 TYLER ST",2004-10-21,2004-11-15,2005-10-06,"2004","1116 TYLER ST","1116 TYLER ST, Port Townsend, WA 98368",48.1201993,-122.7628268
"BLD04-284R-1","FINALED","Convert existing storage building into ADU - studio with one bath. Note: Building is existing non-conforming with regards to setbacks - is on the east property line. No windows will be on that side.","1116 TYLER ST",2004-10-21,2004-11-15,2005-10-06,"2004","1116 TYLER ST","1116 TYLER ST, Port Townsend, WA 98368",48.1201993,-122.7628268
"BLD04-289","FINALED","Convert existing bedroom in house to ADU","822 L ST",2004-10-29,2004-10-29,2005-08-09,"2004","822 L ST","822 L ST, Port Townsend, WA 98368",48.1247682,-122.7705962
"BLD04-174R-1","FINALED","Revision #1: build detached 464 sq. ft. garage with 336 sq. ft. studio ADU on top, and 94 sq. ft porch and 72 sq. ft. deck. Block 3 lot 3, not subject to Umatilla Hill PUD.","753 29TH ST",2004-11-05,2004-11-05,2005-12-08,"2004","753 29TH ST","753 29TH ST, Port Townsend, WA 98368",48.1206556,-122.7854568
"BLD04-301","FINALED","Demo (thru MIS04-033) existing non-conforming garage with regards to setbacks, and build 271 sq. ft. ADU (studio with one bath) and 22 sq. ft. porch.","708 BENTON ST",2004-11-08,2004-11-08,2005-05-17,"2004","708 BENTON ST","708 BENTON ST, Port Townsend, WA 98368",48.1151379,-122.7667781
"BLD04-311","FINALED","Build 1 SFR with deck and porch adjacent to existing ADU","4642 WILLAMETTE",2004-11-22,2004-11-22,2005-09-27,"2004","4642 WILLAMETTE","4642 WILLAMETTE, Port Townsend, WA 98368",48.1337598,-122.8036533
"BLD05-002","FINALED","New single family residence in Lynnesfield - 1528 sq. ft. plus 576 sq. ft. attached ADU, 448 sq. ft. attached garage, 60 sq. ft. porch and 120 sq. ft. deck. House is 1 bedroom plus loft and 2 baths, ADU is one bedroom, 1 bath.","4288 HOLCOMB ST",2005-01-06,2005-01-06,2006-06-13,"2005","4288 HOLCOMB ST","4288 HOLCOMB ST, Port Townsend, WA 98368",48.1311776,-122.7859445
"BLD05-004","FINALED","Add bathroom to existing studio building for separate bedroom/bath building. Won't be an ADU as there is no kitchen planned.","917 HUFFORD PLACE",2005-01-07,2005-01-07,2005-04-22,"2005","917 HUFFORD PLACE","917 HUFFORD PLACE, Port Townsend, WA 98368",48.1221751,-122.7663905
"BLD05-013R-1","FINALED","Build new 3 BDRM, 5BA 3468 sq. ft. SFR w/garage and 1 bedroom, 1 bath 700 sq. ft. ADU","111 S ST",2005-01-21,2005-04-06,2008-02-14,"2005","111 S ST","111 S ST, Port Townsend, WA 98368",48.1284098,-122.7620834
"BLD05-013","FINALED","Build new 3 BDRM, 5BA 3468 sq. ft. SFR w/garage and 1 bedroom, 1 bath 700 sq. ft. ADU","111 S ST",2005-01-21,2005-04-06,2008-02-14,"2005","111 S ST","111 S ST, Port Townsend, WA 98368",48.1284098,-122.7620834
"BLD04-125R-1","FINALED","Revision #2: Build wall down center of garage to create 276 sq. ft. of heated space for use as office/guest quarters/future ADU; insulate floor, install bathroom and kitchen sink/counter, move window.","1820 JACKMAN ST",2005-02-08,2005-02-08,2005-07-06,"2005","1820 JACKMAN ST","1820 JACKMAN ST, Port Townsend, WA 98368",48.1132964,-122.7845582
"BLD05-029","FINALED","868 sq. ft. addition to existing SFR and renovate ADU (2345 Thomas St.)","2343 THOMAS ST",2005-02-14,2005-02-14,2006-05-04,"2005","2343 THOMAS ST","2343 THOMAS ST, Port Townsend, WA 98368",48.11793,-122.8000929
"BLD05-028","FINALED","Add a 400 sq. ft. garage with 400 sq. ft. uninsulated storage space above. See MIP05-039 for the driveway. 5/4/06 Garage now has ADU; house #1127 assigned to ADU","1123 GARFIELD",2005-02-23,2005-08-23,2006-08-02,"2005","1123 GARFIELD","1123 GARFIELD, Port Townsend, WA 98368",48.1181337,-122.7635719
"BLD05-040","FINALED","Build a 1 bedroom, 1 bath 720 sq. ft. ADU between lots 7 and 8, just north of house","1315 GISE ST",2005-02-28,2005-02-28,2006-02-23,"2005","1315 GISE ST","1315 GISE ST, Port Townsend, WA 98368",48.1095963,-122.7874081
"BLD05-044","WITHDRAWN","Add 392 sq. ft. detached ADU","515 CASS ST",2005-03-07,2005-03-07,NA,"2005","515 CASS ST","515 CASS ST, Port Townsend, WA 98368",48.1127471428571,-122.767845285714
"BLD05-052","FINALED","New ADU w/garage on bottom. Same plan as Janet Johnson only mirrored. See MIP05-052 for driveway.","735 GRANT ST",2005-03-10,2005-03-10,2006-08-29,"2005","735 GRANT ST","735 GRANT ST, Port Townsend, WA 98368",48.1054987,-122.7917025
"BLD05-057","FINALED","Build a 450 sq. ft. ADU","1610 30TH ST",2005-03-17,2005-03-17,2005-09-07,"2005","1610 30TH ST","1610 30TH ST, Port Townsend, WA 98368",48.1219623646034,-122.795479090864
"BLD05-061","FINALED","New 1376 sq. ft. SFR. See BLD05-061R-1 for 328 sq. ft. ADU 2 and BLD05-061R-2 for 240 sq. ft.... Garage. See SDP05-012 for utilities.","2035 CLEVELAND ST",2005-03-21,2005-03-21,2006-12-29,"2005","2035 CLEVELAND ST","2035 CLEVELAND ST, Port Townsend, WA 98368",48.1149773,-122.7897205
"BLD05-061R-1","FINALED","Separate 328 ADU on lot with new 1376 sq. ft. SFR and 240 sq. ft. detached garage","2033 CLEVELAND",2005-03-21,2005-03-21,2010-05-24,"2005","2033 CLEVELAND","2033 CLEVELAND, Port Townsend, WA 98368",48.1020316,-122.7892247
"BLD05-061R-2","FINALED","240 sq. ft. garage on lot with new 1376 sq. ft. SFR and separate 328 sq. ft. ADU","2033 CLEVELAND",2005-03-21,2005-03-21,2006-12-29,"2005","2033 CLEVELAND","2033 CLEVELAND, Port Townsend, WA 98368",48.1020316,-122.7892247
"BLD05-064R-1","FINALED","570 sq. ft. ADU. See BLD05-064 for separate 1008 sq. ft. SFR. See SDP05-014. SFR & ADU on 2 lots - 958502207 & 958502208","2300 HAINES ST",2005-03-25,2005-03-25,2006-03-15,"2005","2300 HAINES ST","2300 HAINES ST, Port Townsend, WA 98368",48.1170036,-122.7797295
"BLD05-064","FINALED","New 1008 sq. ft. SFR. See BLD05-064R-1 for separate 570 sq. ft. ADU See SDP05-014. SFR & ADU on two lots: 958502207 & 958502208","2330 HAINES ST",2005-03-25,2005-03-25,2006-03-15,"2005","2330 HAINES ST","2330 HAINES ST, Port Townsend, WA 98368",48.1170395,-122.7797071
"BLD04-173R-3","FINALED","Rev #3: change office to ADU (OK per Lynnesfield Homeowner's Association) and give it an address.","4076 HOLCOMB ST",2005-04-05,2005-04-05,2005-06-27,"2005","4076 HOLCOMB ST","4076 HOLCOMB ST, Port Townsend, WA 98368",48.129741,-122.7859692
"BLD05-115","FINALED","New 2 story Cape Cod modular home - upstairs comes unfinished; will be remodelled to be ADU. 1033.5 sq. ft. for downstairs and 624 for ADU upstairs, with 24 sq. ft. deck and 32 sq. ft. of exterior stairs.","10TH ST",2005-05-17,2005-05-17,2007-03-23,"2005","10TH ST","10TH ST, Port Townsend, WA 98368",48.107194,-122.779879
"BLD05-120","WITHDRAWN","Move 12 x 36 ""park model"" manufactured home onto Lot 53 as an ADU. 432 sq. ft. plus 100 ft. deck comes with it. Owner owns both lot 52 and 53.","2004 DANA PLACE",2005-05-26,2005-05-26,2005-10-19,"2005","2004 DANA PLACE","2004 DANA PLACE, Port Townsend, WA 98368",48.112274,-122.799832
"BLD05-144","FINALED","Permit ""illegal"" ADU in existing lower level of SFR, 768 sq. ft.. Kitchen was added in 2001 without a permit. Owner wants to sell house and get the ADU permitted.","1018 JACKMAN ST",2005-07-15,2005-07-15,2005-12-13,"2005","1018 JACKMAN ST","1018 JACKMAN ST, Port Townsend, WA 98368",48.1073681651448,-122.784803183238
"BLD01-107R-3","FINALED","Revision #3: finish basement with full bathroom, one bedroom, kitchen, electric forced air heat, propane range, electric dryer and washer for ADU. (393 sq. ft. to heated space)","800 27TH ST",2005-07-15,2005-07-15,2005-06-07,"2005","800 27TH ST","800 27TH ST, Port Townsend, WA 98368",48.11931,-122.786632
"BLD05-149R-1","FINALED","New detached Adu, studio with 1 bath, 328 sq.ft.","2827 KATHERINE ST",2005-07-19,2005-07-19,2011-05-19,"2005","2827 KATHERINE ST","2827 KATHERINE ST, Port Townsend, WA 98368",48.1099812,-122.8011295
"BLD05-149","FINALED","New 2 bedroom, 1-1/2 bath house; 1376 sq. ft. of heated space. See R-2 for detached upstairs unfinished studio space/garage of 1198 sq. ft.; see R-1 for detached Adu of 328 sq.ft. House address is 2829 and ADU is 2827.","2829 KATHERINE ST",2005-07-19,2005-07-19,2011-05-19,"2005","2829 KATHERINE ST","2829 KATHERINE ST, Port Townsend, WA 98368",48.1207236,-122.8012277
"BLD05-151","FINALED","Convert existing garage to ADU. No change to exterior, close proximity to neighbor, glazing on that side will be translucent.","718 PIERCE",2005-07-21,2005-08-05,2006-04-13,"2005","718 PIERCE","718 PIERCE, Port Townsend, WA 98368",48.1154748163265,-122.765847673469
"BLD05-194","EXPIRED","Build 618 sf ADU on same lot as 704 J Street, but ADU will face Willow Street. ADU will also have 180 sf of storage.","1007 WILLOW",2005-09-28,2005-09-28,NA,"2005","1007 WILLOW","1007 WILLOW, Port Townsend, WA 98368",48.1231401666973,-122.769537757135
"BLD05-198R-1","EXPIRED","New 783 s.f. ADU. SEE BLD05-198 for new SFR on same lot. SEE SDP05-033 for driveway.","1035 TREMONT ST",2005-10-04,2005-10-04,2006-11-07,"2005","1035 TREMONT ST","1035 TREMONT ST, Port Townsend, WA 98368",48.1257814305362,-122.772533331473
"BLD05-198","EXPIRED","New 783 s.f. house. See BLD05-198R-1 for ADU. See SDP05-033 for driveway.","1037 TREMONT ST",2005-10-04,2005-10-04,2006-11-07,"2005","1037 TREMONT ST","1037 TREMONT ST, Port Townsend, WA 98368",48.1256806,-122.7728783
"BLD05-149R-3","FINALED","Revision #3: switch ADU and studio buildings. Studio will be a detached structure without a cooking appliance. Space above garage will be finished, and be an ADU. ADU/garage shape is slightly changing, but no change to square footage. Stairs relocated on ADU/garage.","2829 KATHERINE ST",2005-10-06,2005-10-11,2011-05-19,"2005","2829 KATHERINE ST","2829 KATHERINE ST, Port Townsend, WA 98368",48.1207236,-122.8012277
"BLD05-199","FINALED","Build 798 sq. ft. garage with 798 living space on top. (Single family residence will become ADU later when larger house is built.)","1091 JACKMAN ST",2005-10-11,2005-10-11,2006-11-21,"2005","1091 JACKMAN ST","1091 JACKMAN ST, Port Townsend, WA 98368",48.1078984,-122.7853446
"BLD05-203","FINALED","Construct a 512 sq.ft. single-story detached ADU on property with small porch and deck.","2340 HENDRICKS",2005-10-17,2005-10-17,2006-12-15,"2005","2340 HENDRICKS","2340 HENDRICKS, Port Townsend, WA 98368",48.1171774,-122.7921642
"BLD05-207","FINALED","Construction of a new garage with living space above; will become an ADU in the future when main house is built.","1451 MADISON ST",2005-10-19,2005-10-19,2007-08-24,"2005","1451 MADISON ST","1451 MADISON ST, Port Townsend, WA 98368",48.1234862,-122.7614911
"BLD05-235","FINALED","Remodel house and basement. Portion of basement to be remodeled as ADU. All interior work. No change to impervious surfaces. ADU house number is: 903 P Street","1535 REDWOOD",2005-12-09,2005-12-09,2006-06-13,"2005","1535 REDWOOD","1535 REDWOOD, Port Townsend, WA 98368",48.1273371,-122.7710915
"BLD05-236","EXPIRED","Build a 670 sq. ft. 1 bedroom, 1 bath ADU. See SDP05-045 for water & sewer service.","909 M ST",2005-12-15,2005-12-15,2007-05-28,"2005","909 M ST","909 M ST, Port Townsend, WA 98368",48.1252829,-122.7714255
"BLD05-246","FINALED","Build new 792 sq. ft. ADU on top of existing garage. No change to impervious or foot print.","390 REED ST",2005-12-27,2005-12-27,2006-06-02,"2005","390 REED ST","390 REED ST, Port Townsend, WA 98368",48.1269261,-122.7614985
"BLD06-002","FINALED","Convert a portion of existing garage/shop into approx. 483 square foot ADU.","CENTER ST",2006-01-03,2007-10-08,2007-10-08,"2006","CENTER ST","CENTER ST, Port Townsend, WA 98368",48.1278349,-122.7754796
"BLD06-019","EXPIRED","Turn part of the basement into ADU - storage into kitchen and dining room.","1324 JACKSON ST",2006-01-13,2006-01-13,2007-02-22,"2006","1324 JACKSON ST","1324 JACKSON ST, Port Townsend, WA 98368",48.1236445714849,-122.758555666724
"BLD04-119R-1","EXPIRED","New 480 sq. ft. 1 bedroom 1 bath detached ADU as upper level to 480 sq. ft. garage. To be plan reviewed per 2003 IRC.","737 54TH ST",2006-01-17,2006-01-17,NA,"2006","737 54TH ST","737 54TH ST, Port Townsend, WA 98368",48.1386432,-122.7845143
"BLD06-016R-1","FINALED","New 2 bedroom, 3 bath 2414 sq. ft. SFR w/ attached garage & ADU above in Towne Point. NEW SFD = 2072 Victoria NEW ADU = 2074 Victoria OLD SFR = NOW 2076","2072 VICTORIA AVE",2006-01-25,2006-01-25,2009-11-05,"2006","2072 VICTORIA AVE","2072 VICTORIA AVE, Port Townsend, WA 98368",48.1144754,-122.7993544
"BLD06-016","FINALED","New 2 bedroom, 3 bath 2414 sq. ft. SFR w/ attached garage & ADU above in Towne Point. NEW SFD = 2072 Victoria NEW ADU = 2074 Victoria OLD SFR = NOW 2076","2072 VICTORIA AVE",2006-01-25,2006-01-25,2009-11-06,"2006","2072 VICTORIA AVE","2072 VICTORIA AVE, Port Townsend, WA 98368",48.1144754,-122.7993544
"BLD05-165R-1","WITHDRAWN","Adding a separate ADU from the garage - 3/7/06 EAH This unit has become an office. Home Occupation.","1640 LINCOLN",2006-02-14,2006-02-14,NA,"2006","1640 LINCOLN","1640 LINCOLN, Port Townsend, WA 98368",48.1152991836735,-122.767864346939
"BLD06-032","FINALED","Construct 650 sq.ft. ADU behind main house","912 F ST",2006-02-23,2006-02-23,2006-08-24,"2006","912 F ST","912 F ST, Port Townsend, WA 98368",48.1212520612245,-122.772346918367
"BLD06-040","FINALED","Remodeling interior of existing ADU, adding walls; replacing exterior siding and replacing old aluminum windows with thermopane.","1620 WASHINGTON ST",2006-03-06,2007-07-06,2007-07-10,"2006","1620 WASHINGTON ST","1620 WASHINGTON ST, Port Townsend, WA 98368",48.1120979,-122.7648495
"BLD06-050","FINALED","Construction of 800 sq.ft ADU on property with existing house","2329 ROSECRANS ST",2006-03-21,2006-03-21,2006-12-28,"2006","2329 ROSECRANS ST","2329 ROSECRANS ST, Port Townsend, WA 98368",48.1170421889012,-122.796909288076
"BLD06-062","FINALED","Build new 1335 sq.ft. SFR next to existing ADU; see SDP04-033 and BLD04-145","782 57TH ST",2006-04-07,2006-04-07,2008-11-18,"2006","782 57TH ST","782 57TH ST, Port Townsend, WA 98368",48.1411797,-122.7850847
"BLD06-068","FINALED","Construct 540 sq.ft. ADU on top of garage/shop. SFR will be built in future. See SDP06-021; PRE05-085. Application sent via fax and mail; no fees received yet. Fees received 4-18-06. ONCE FUTURE SFD IS BUILT, A NOTICE TO TITLE WILL BE REQUIRED FOR THE THEN EXISTING ADU.","708 17TH STREET",2006-04-12,2006-04-12,2009-10-19,"2006","708 17TH STREET","708 17TH STREET, Port Townsend, WA 98368",48.1124571,-122.7854476
"BLD06-073","FINALED","Creation of new ADU within an existing residence. Work already completed. Owner's ""busted"" after asking Tom A. to do a fire inspection. Rick T also did an inspection. The house has been sold and the owners are moving within the week. Rick will do a final inspection on 4/21/06.","713 27TH ST",2006-04-20,2006-04-20,2008-10-14,"2006","713 27TH ST","713 27TH ST, Port Townsend, WA 98368",48.1191438847572,-122.785867854945
"BLD06-081","FINALED","Existing house will be raised and a new daylight basement will be added; some interior remodeling of existing house done as well. ****This basement level may in the future become an ADU. Richard Berg has designed the 1 hour separation assembly to separate the future dwelling units except for a door at the bottom of the stairwell. An additional permit will be required if the Holland's decide to make this an ADU. There is no kitchen facility in this new project.","336 FILLMORE ST",2006-05-04,2006-05-04,2008-03-07,"2006","336 FILLMORE ST","336 FILLMORE ST, Port Townsend, WA 98368",48.1144257,-122.760365
"BLD06-082","FINALED","Adding a kitchen to an existing studio/bedroom to make an ADU","919 HUFFORD PLACE",2006-05-05,2006-05-05,2006-08-04,"2006","919 HUFFORD PLACE","919 HUFFORD PLACE, Port Townsend, WA 98368",48.122476,-122.7662772
"BLD06-104","FINALED","Addition of 390 sq.ft. ADU to existing residence; attached. May turn into an ADU in the future. Not sure what they want to do yet, but want to build the shell.","1391 JACKMAN ST",2006-06-05,2006-06-05,2007-04-06,"2006","1391 JACKMAN ST","1391 JACKMAN ST, Port Townsend, WA 98368",48.1099434,-122.7854927
"BLD06-137","FINALED","new 590 sq.ft. 2-story house to later become an ADU . **Parcel number will change after LOR","441 HASTINGS",2006-07-14,2006-07-14,2011-09-30,"2006","441 HASTINGS","441 HASTINGS, Port Townsend, WA 98368",48.1198083,-122.7824562
"BLD06-142","FINALED","Addition of 780 sq.ft. ADU with 780 sq.ft. garage on bottom on property with existing SFR. See MIP 06-072 for new driveway.","832 ROSE ST",2006-07-24,2010-07-01,2010-07-02,"2006","832 ROSE ST","832 ROSE ST, Port Townsend, WA 98368",48.122243,-122.7704653
"BLD06-141","EXPIRED","Complete 350 sq.ft. of downstairs existing space into an ADU. ADU address is 1230 14th street.","1228 14TH ST",2006-07-24,2006-07-24,2007-03-14,"2006","1228 14TH ST","1228 14TH ST, Port Townsend, WA 98368",48.1102339,-122.7910628
"BLD06-148","EXPIRED","Addition of new garage/storage with an ADU on top. ADU address is 1442 25th Street","1434 25TH ST",2006-07-28,2006-07-28,2010-01-25,"2006","1434 25TH ST","1434 25TH ST, Port Townsend, WA 98368",48.1181857,-122.793515
"BLD06-152","FINALED","Placement of manufactured home to be used as an ADU; portion of home will be converted to storage only, accessed from the outside.","1625 HASTINGS AVE",2006-08-01,2006-08-01,2010-04-15,"2006","1625 HASTINGS AVE","1625 HASTINGS AVE, Port Townsend, WA 98368",48.1198968,-122.7957346
"BLD06-153","ISSUED","New 660 sq.ft. ADU","1829 GARFIELD ST",2006-08-04,2006-08-04,NA,"2006","1829 GARFIELD ST","1829 GARFIELD ST, Port Townsend, WA 98368",48.114959853142,-122.770245224488
"BLD06-157","FINALED","Foundation only for triplex with an attached ADU. Parking will be in basement level, with two units per floor above. See SDP06-056 for utilities and access. See LUP02-064 for SEPA review on the property. FOUNDATION ONLY PERMIT COMPLETION PERMIT IDENTIFIED AS BLD06-157R-1","411, 415, 423, 429 MONROE ST",2006-08-08,2006-09-13,2009-03-18,"2006","429 MONROE ST","429 MONROE ST, Port Townsend, WA 98368",48.1178667,-122.7544419
"BLD06-157R-1","FINALED","Construction of a triplex with an attached ADU. Parking will be in basement level, with two units per floor above. See SDP06-056 for utilities and access. See LUP02-064 for SEPA review on the property. FOUNDATION ONLY PERMIT IS BLD06-157","411, 415, 423, 429 MONROE ST",2006-08-08,2006-09-13,2009-03-18,"2006","429 MONROE ST","429 MONROE ST, Port Townsend, WA 98368",48.1178667,-122.7544419
"BLD06-169","FINALED","Construction of 691 sq.ft. house which will become an ADU in the future. See MIP06-085 This future ADU faces G so gets G St. address. 751 Fir already assigned will be used by the future SFR that will face Fir.","617 G STREET",2006-08-22,2006-08-22,2007-06-28,"2006","617 G STREET","617 G STREET, Port Townsend, WA 98368",48.121311,-122.7693202
"BLD06-172","FINALED","Construction of 628 sq.ft. ADU behind 716 Lawrence Street; existing garage to be demolished.","718 LAWRENCE ST",2006-08-28,2006-08-28,2007-10-08,"2006","718 LAWRENCE ST","718 LAWRENCE ST, Port Townsend, WA 98368",48.1186110816327,-122.757992959184
"BLD06-191","FINALED","Construction of 795 sq.ft. house which will become an ADU in the future; see SDP06-061","403 BEECH ST",2006-09-21,2006-09-21,2008-01-22,"2006","403 BEECH ST","403 BEECH ST, Port Townsend, WA 98368",48.1194323,-122.7741222
"BLD06-195","FINALED","New 1499 sq.ft. house with ADU in basement; attached garage. See MIP06-101. ADU address is 1239 S Street.","1235/1239 S STREET",2006-09-27,2009-04-08,2009-04-08,"2006","1235/1239 S STREET","1235/1239 S STREET, Port Townsend, WA 98368",48.1302852,-122.7757095
"BLD06-232","FINALED","Phase 1. Demo portion of existing house and moving rest to another part of property under new foundation, renovating into small SFR. Build new studio on part of existing foundation. Phase 2 will be construction of new main house in the future with small SFR becoming an ADU.","1417 WASHINGTON STREET",2006-12-11,2006-12-11,2008-02-27,"2006","1417 WASHINGTON STREET","1417 WASHINGTON STREET, Port Townsend, WA 98368",48.1126564,-122.7625081
"BLD06-235","DENIED","Construction of 2928 sq.ft. duplex with attached ADU; see MIP06-130.","EDDY CT",2006-12-12,2006-12-12,2006-12-18,"2006","EDDY CT","EDDY CT, Port Townsend, WA 98368",48.1187131,-122.8041134
"BLD06-157R-2","FINALED","Revised foundation plans. Construction of a triplex with an attached ADU. Parking will be in basement level, with two units per floor above. See SDP06-056 for utilities and access. See LUP02-064 for SEPA review on the property. FOUNDATION ONLY PERMIT IS BLD06-157","411, 415, 423, 429 MONROE ST",2006-12-19,2006-12-19,2009-03-18,"2006","429 MONROE ST","429 MONROE ST, Port Townsend, WA 98368",48.1178667,-122.7544419
"BLD04-003R-1","FINALED","Change garage originally permitted into an ADU","1709 SHERIDAN ST",2006-12-19,2006-12-19,2010-02-16,"2006","1709 SHERIDAN ST","1709 SHERIDAN ST, Port Townsend, WA 98368",48.1125203,-122.790749
"BLD06-240","FINALED","Construct 648 sq.ft. ADU on lot with existing house and shed.","1417 OLYMPIC AVE",2006-12-26,2006-12-26,2008-01-29,"2006","1417 OLYMPIC AVE","1417 OLYMPIC AVE, Port Townsend, WA 98368",48.1269571,-122.774164
"BLD07-004","FINALED","New garage with ADU on second floor","237 30TH ST",2007-01-29,2007-02-23,2008-05-23,"2007","237 30TH ST","237 30TH ST, Port Townsend, WA 98368",48.1218681145804,-122.779230869275
"BLD07-025","FINALED","New attached ADU, new attached garage","382 F ST",2007-02-13,2007-03-22,2007-06-25,"2007","382 F ST","382 F ST, Port Townsend, WA 98368",48.120529,-122.766908
"DEL-BLD07-027","DELETED","New garage with ADU above","378 F ST",2007-02-14,NA,2007-05-10,"2007","378 F ST","378 F ST, Port Townsend, WA 98368",48.1206521,-122.7667357
"BLD07-116","FINALED","New permit from BLD07-042 as part of house turning into an ADU","1031 HILL ST",2007-06-14,2007-12-05,2008-05-12,"2007","1031 HILL ST","1031 HILL ST, Port Townsend, WA 98368",48.1078651,-122.7841771
"BLD07-192","EXPIRED","New ADU with new shop below","1251 32ND STREET",2007-09-11,2007-10-11,NA,"2007","1251 32ND STREET","1251 32ND STREET, Port Townsend, WA 98368",48.1234506901521,-122.791431288116
"BLD07-197","FINALED","CONVERT BASEMENT TO ADU","3124 HAINES ST",2007-09-18,2007-10-08,2007-11-20,"2007","3124 HAINES ST","3124 HAINES ST, Port Townsend, WA 98368",48.1228481836735,-122.779779530612
"BLD07-209","FINALED","Refinish portion of garage into an ADU","93 VISTA BLVD",2007-10-09,2007-11-29,2008-09-29,"2007","93 VISTA BLVD","93 VISTA BLVD, Port Townsend, WA 98368",48.0992194585063,-122.792111349557
"BLD07-212","FINALED","New ADU AT 5254 Hendricks","5266 HENDRICKS STREET",2007-10-12,2007-11-20,2010-06-02,"2007","5266 HENDRICKS STREET","5266 HENDRICKS STREET, Port Townsend, WA 98368",48.137933,-122.7924305
"BLD07-222","FINALED","New 3 car garage with ADU on second floor","948 HASTINGS AVE",2007-10-29,2008-05-05,2010-10-19,"2007","948 HASTINGS AVE","948 HASTINGS AVE, Port Townsend, WA 98368",48.1204212,-122.7887386
"BLD07-234","FINALED","Convert garage into ADU","1330 OLYMPIC AVE",2007-11-19,2007-12-31,2013-11-05,"2007","1330 OLYMPIC AVE","1330 OLYMPIC AVE, Port Townsend, WA 98368",48.1264225,-122.7735111
"BLD07-240","FINALED","New ADU over Garage","1737 FRANKLIN ST",2007-11-26,2008-01-24,2008-07-29,"2007","1737 FRANKLIN ST","1737 FRANKLIN ST, Port Townsend, WA 98368",48.1127031,-122.7670374
"BLD08-036","FINALED","Convert existing outbuilding into ADU and Shop","1912 23RD ST",2008-02-12,2008-02-29,2008-07-03,"2008","1912 23RD ST","1912 23RD ST, Port Townsend, WA 98368",48.1168048,-122.7988576
"BLD08-077","FINALED","Add ADU to upstairs of pole building/shop","230 37TH STREET",2008-04-08,2008-09-04,2010-12-07,"2008","230 37TH STREET","230 37TH STREET, Port Townsend, WA 98368",48.126577,-122.779774265306
"BLD08-100","FINALED","Complete construction of ADU started under BLD01-181","477 N ST & 479",2008-05-06,2008-05-30,2008-12-12,"2008","477 N ST","477 N ST, Port Townsend, WA 98368",48.1251945,-122.7662879
"BLD08-103","WITHDRAWN","Detached ADU","826 T ST",2008-05-08,NA,2009-01-30,"2008","826 T ST","826 T ST, Port Townsend, WA 98368",48.1302410671178,-122.768712155024
"BLD08-168","FINALED","DETACHED ADU","1720 MADISON STREET",2008-07-21,2008-08-12,2009-02-11,"2008","1720 MADISON STREET","1720 MADISON STREET, Port Townsend, WA 98368",48.1253865,-122.7626788
"BLD08-194","WITHDRAWN","NEW GARAGE/ADU","1818 LAWRENCE ST",2008-08-27,NA,2008-12-08,"2008","1818 LAWRENCE ST","1818 LAWRENCE ST, Port Townsend, WA 98368",48.1139538,-122.7694727
"BLD08-196","FINALED","NTT & Inspection for ADU","841 TAYLOR ST",2008-08-29,2008-11-19,2008-11-19,"2008","841 TAYLOR ST","841 TAYLOR ST, Port Townsend, WA 98368",48.1187314,-122.7610028
"BLD08-253","FINALED","ADU IN BASEMENT","237 WOODLAND",2008-12-12,2009-02-26,2010-06-02,"2008","237 WOODLAND","237 WOODLAND, Port Townsend, WA 98368",48.1232365,-122.779441
"BLD09-031","ISSUED","REMODEL SFR & NEW GARAGE/ADU","1215 HUDSON ST",2009-02-26,2010-01-08,NA,"2009","1215 HUDSON ST","1215 HUDSON ST, Port Townsend, WA 98368",48.1233957,-122.756905
"BLD09-167","FINALED","COMPLETE THE WORK OF BLD06-153","1829 GARFIELD ST",2009-08-06,2009-09-02,2018-04-13,"2009","1829 GARFIELD ST","1829 GARFIELD ST, Port Townsend, WA 98368",48.114959853142,-122.770245224488
"BLD09-200","ISSUED","NEW ADU","2036 CLAY ST",2009-09-22,2009-10-08,NA,"2009","2036 CLAY ST","2036 CLAY ST, Port Townsend, WA 98368",48.1123401,-122.7713051
"BLD09-224","ISSUED","CONVERT SHOP TO ADU","1623 BLAINE ST",2009-11-10,2009-12-09,NA,"2009","1623 BLAINE ST","1623 BLAINE ST, Port Townsend, WA 98368",48.1163997755102,-122.768711142857
"BLD10-108","TECHNICALLY COMPLETE","560 sq.ft. ADU Garage/Storage on 1st floor with bathroom and kitchen on 2nd floor.","701 ROSE STREET",2010-05-19,2010-06-01,NA,"2010","701 ROSE STREET","701 ROSE STREET, Port Townsend, WA 98368",48.1213506,-122.771161
"BLD10-122","FINALED","Convert Garage to ADU","1745 HASTINGS AVE",2010-06-15,2010-06-25,2011-09-01,"2010","1745 HASTINGS AVE","1745 HASTINGS AVE, Port Townsend, WA 98368",48.1197988,-122.7969575
"BLD10-221","APPROVED","CONVERT STUDIO TO ADU","616 LAWRENCE ST - ADU TO 612 LAWRENCE ST",2010-11-17,2011-01-03,NA,"2010","616 LAWRENCE ST","616 LAWRENCE ST, Port Townsend, WA 98368",48.1192061,-122.7573961
"BLD10-233","FINALED","COD10-117, verify that only ADU, provide address and NTT. Also pave apron through MIP","618 CHERRY ST (ADU 624 CHERRY)",2010-12-07,2011-07-07,2011-11-17,"2010","618 CHERRY ST","618 CHERRY ST, Port Townsend, WA 98368",48.1205599,-122.7719517
"BLD10-226","FINALED","CONVERT LOFT TO ADU","26 VISTA BLVD",2010-12-15,2011-09-28,2013-04-01,"2010","26 VISTA BLVD","26 VISTA BLVD, Port Townsend, WA 98368",48.0998619,-122.7921465
"BLD11-050","FINALED","PERMIT EXISTING ADU","405 LAWRENCE ST",2011-04-12,2011-06-01,2011-07-14,"2011","405 LAWRENCE ST","405 LAWRENCE ST, Port Townsend, WA 98368",48.1196519,-122.7545901
"BLD11-098","FINALED","NEW DETACHED ADU","1512 20TH STREET",2011-07-13,2011-08-17,2012-10-05,"2011","1512 20TH STREET","1512 20TH STREET, Port Townsend, WA 98368",48.1145494,-122.7945548
"BLD11-118","FINALED","Permit ADU in existing building","532 57TH ST",2011-08-04,2011-10-31,2017-10-17,"2011","532 57TH ST","532 57TH ST, Port Townsend, WA 98368",48.1412609,-122.7825494
"BLD11-133","FINALED","Demolition and Rebuild of Existing ADU / Garage","417 T STREET",2011-08-25,2011-10-05,2014-06-20,"2011","417 T STREET","417 T STREET, Port Townsend, WA 98368",48.1294564,-122.7650442
"BLD12-067","FINALED","Convert existing bldg to ADU","1088 CENTER ST",2012-04-26,2012-05-23,2012-07-16,"2012","1088 CENTER ST","1088 CENTER ST, Port Townsend, WA 98368",48.1279381995802,-122.773103559904
"BLD12-090","EXPIRED","ADU Above Single Car Garage","5488 WILSON ST",2012-06-06,2012-08-14,NA,"2012","5488 WILSON ST","5488 WILSON ST, Port Townsend, WA 98368",48.1392628,-122.788527
"BLD12-107","FINALED","DETACHED ADU","651 BEECH ST",2012-06-27,2012-09-06,2013-03-04,"2012","651 BEECH ST","651 BEECH ST, Port Townsend, WA 98368",48.1209626,-122.7734058
"BLD12-144","FINALED","MAKE EXISTING ADU LEGAL","1152 V ST",2012-08-23,2012-08-28,2012-08-28,"2012","1152 V ST","1152 V ST, Port Townsend, WA 98368",48.1322381,-122.7718383
"BLD12-177","FINALED","MAKE ADU LEGAL","1609 ROSEWOOD ST",2012-10-16,2012-10-22,2012-10-22,"2012","1609 ROSEWOOD ST","1609 ROSEWOOD ST, Port Townsend, WA 98368",48.1282779,-122.7748385
"BLD12-197","FINALED","CONVERT EXISTING GARAGE TO ADU","314 SHERIDAN ST",2012-11-26,2013-01-30,2013-09-27,"2012","314 SHERIDAN ST","314 SHERIDAN ST, Port Townsend, WA 98368",48.1023281,-122.7900446
"BLD13-072","FINALED","REMODEL UPPER FLOOR PLUS SMALL ADDITION, FINISH LOWER LEVEL AS FUTURE ADU","505 P ST",2013-04-04,2013-05-16,2014-01-17,"2013","505 P ST","505 P ST, Port Townsend, WA 98368",48.1267646,-122.7664669
"BLD13-077","FINALED","ADU ON LOT AT 1079 CENTER STREET","1075 CENTER ST",2013-06-03,2013-06-24,2015-02-13,"2013","1075 CENTER ST","1075 CENTER ST, Port Townsend, WA 98368",48.1276638,-122.7733888
"BLD13-097","FINALED","ADU (ADDRESSED AS 1418 30TH ST.)","1418 30TH ST",2013-06-27,2013-07-19,2014-08-04,"2013","1418 30TH ST","1418 30TH ST, Port Townsend, WA 98368",48.1221493,-122.7928722
"BLD13-122","FINALED","NEW ADU IN BASEMENT: 332 P St.","332 P ST",2013-08-09,2013-10-01,2018-12-10,"2013","332 P ST","332 P ST, Port Townsend, WA 98368",48.1269464,-122.7648637
"BLD13-143","FINALED","PERMIT EXISTING ADU (ADDRESS, INSPECTION)","269 HENDRICKS ST. (ADU FOR 1405 3RD)",2013-08-28,2014-05-30,2014-05-30,"2013","269 HENDRICKS ST","269 HENDRICKS ST, Port Townsend, WA 98368",48.1014546,-122.7926632
"BLD13-178","FINALED","BUILD GARAGE WITH ADU ABOVE","925 FRANKLIN (ADU FOR 922 JEFFERSON)",2013-12-09,2014-01-06,2016-03-21,"2013","925 FRANKLIN","925 FRANKLIN, Port Townsend, WA 98368",48.1160041,-122.7588221
"BLD13-179","FINALED","NEW ADU","212 24TH ST",2013-12-17,2014-02-13,2015-04-27,"2013","212 24TH ST","212 24TH ST, Port Townsend, WA 98368",48.1176418,-122.7790311
"BLD14-014","FINALED","NEW DETACHED ADU","61 VISTA BLVD.",2014-02-07,2014-05-23,2015-08-06,"2014","61 VISTA BLVD.","61 VISTA BLVD., Port Townsend, WA 98368",48.0990346,-122.7921953
"BLD14-040","FINALED","ADU AND GARAGE","719 M ST",2014-03-24,2014-05-29,2015-07-23,"2014","719 M ST","719 M ST, Port Townsend, WA 98368",48.1251256878907,-122.769118307352
"BLD14-233","FINALED","NEW MODULAR SFR (1231); ORIGINAL SFR MOVED TO REAR TO BE ADU","1231 & 1255 31ST ST",2014-12-23,2015-01-08,2015-03-31,"2014","1255 31ST ST","1255 31ST ST, Port Townsend, WA 98368",48.1225174,-122.7922758
"BLD15-015","FINALED","USE EXISTING GARAGE FOR ADU","922 55TH ST (FOR ADU)",2015-01-23,2015-06-01,2015-06-02,"2015","922 55TH ST","922 55TH ST, Port Townsend, WA 98368",48.1397786,-122.7881615
"BLD15-111","EXPIRED","MAKE EXISTING ADU LEGAL as 736 Oak","736 OAK ST - ADU EAST OF 738 OAK ST",2015-06-19,2015-07-22,NA,"2015","736 OAK ST","736 OAK ST, Port Townsend, WA 98368",48.1208177,-122.764468
"BLD15-128","FINALED","MAKE ADU LEGAL - ADDRESS, INSPECTION, NOTICE TO TITLE","1025 GARFIELD ST",2015-07-08,2015-08-21,2015-08-21,"2015","1025 GARFIELD ST","1025 GARFIELD ST, Port Townsend, WA 98368",48.1185057,-122.762595
"BLD15-232","FINALED","643 SQ. FT. ADU","1014 D STREET",2015-12-21,2016-03-11,2019-12-03,"2015","1014 D STREET","1014 D STREET, Port Townsend, WA 98368",48.1201602,-122.7740858
"BLD16-024","FINALED","FOUNDATION FOR MANUFACTURED HOME AS ADU","5410 WILSON ST (ADU)",2016-01-26,2016-02-12,2016-09-06,"2016","5410 WILSON ST","5410 WILSON ST, Port Townsend, WA 98368",48.1390719,-122.7884299
"BLD16-084","FINALED","TURN EXISTING HEATED ART STUDIO INTO ADU","1040 29TH ST",2016-03-16,2016-12-09,2016-12-13,"2016","1040 29TH ST","1040 29TH ST, Port Townsend, WA 98368",48.1212188,-122.7889058
"BLD16-129","FINALED","REMODEL BASEMENT INTO ADU","615 REED (ADU) ACCESSORY TO 1732 QUINCY ST (SFR)",2016-04-25,2016-06-14,2017-06-26,"2016","615 REED ST","615 REED ST, Port Townsend, WA 98368",48.1252316,-122.7635398
"BLD16-179","EXPIRED","REMODEL EXISTING SFR TO CREATE 2 DWELLING UNITS (DUPLEX)","1216 14th STREET (DUPLEX WITH 1407 SHERIDAN STREET)",2016-06-14,NA,NA,"2016","1216 14th STREET","1216 14th STREET, Port Townsend, WA 98368",48.1102602,-122.7907867
"BLD16-200","FINALED","REMOVE 430 SQ FT SHED AND BUILD 430 SQ FT ADU WITH 140 SQ FT DECK","1529 GARFIELD ST., ACCESSORY TO 1535 GARFIELD STREET",2016-06-29,NA,2018-04-11,"2016","1529 GARFIELD ST","1529 GARFIELD ST, Port Townsend, WA 98368",48.116098,-122.7674121
"BLD16-221","FINALED","SFR GARAGE W/ADU ABOVE","984 BLAINE STREET",2016-07-21,2016-11-07,2019-09-06,"2016","984 BLAINE STREET","984 BLAINE STREET, Port Townsend, WA 98368",48.1197224,-122.7624473
"BLD16-234","FINALED","REMODEL EXISTING DAYLIGHT BASEMENT TO ADU","812 POLK ST.",2016-08-04,2016-10-27,2019-04-02,"2016","812 POLK ST.","812 POLK ST., Port Townsend, WA 98368",48.1178908,-122.762134
"BLD16-239","FINALED","BUILD 800 SQ. FT. DETACHED ADU ADJACENT TO RESIDENCE AT 1611 CORONA","1613 CORONA AVE",2016-08-11,2016-10-13,2020-02-28,"2016","1613 CORONA AVE","1613 CORONA AVE, Port Townsend, WA 98368",48.1249036,-122.7958019
"BLD16-255","WITHDRAWN","RENOVATE DETACHED UNHEATED GARAGE TO ADU","5830 HILL ST",2016-09-20,NA,NA,"2016","5830 HILL ST","5830 HILL ST, Port Townsend, WA 98368",48.1422401,-122.7839364
"BLD16-266","CANCELLED","RELOCATE EXISTING STRUCTURE ONTO NEW FOUNDATION AS ADU TO 1532 UMATILLA","1532 UMATILLA AVE",2016-09-28,NA,NA,"2016","1532 UMATILLA AVE","1532 UMATILLA AVE, Port Townsend, WA 98368",48.1262918,-122.7946742
"BLD16-264","FINALED","NEW DETACHED GARAGE W/ADU UPSTAIRS - REVISED","5387 JACKMAN STREET",2016-09-28,2016-12-08,2018-05-30,"2016","5387 JACKMAN STREET","5387 JACKMAN STREET, Port Townsend, WA 98368",48.138523755102,-122.785368020408
"BLD16-271","FINALED","DETACHED ADU W/BASEMENT ART STUDIO","1530 ADAMS ST (ADU TO RESIDENCE AT 1528 ADAMS STREET)",2016-09-30,2017-01-20,2018-04-13,"2016","1530 ADAMS ST","1530 ADAMS ST, Port Townsend, WA 98368",48.1230402,-122.7628078
"BLD16-280","FINALED","CONVERT DETACHED GARAGE TO ADU","350 R STREET (ADU); HOUSE IS 1803 WALNUT STREET",2016-10-07,2016-12-30,2017-05-31,"2016","350 R STREET","350 R STREET, Port Townsend, WA 98368",48.1282087755102,-122.764088346939
"BLD17-001","WITHDRAWN","CONVERT PART OF EXISTING BUILDING INTO ADU","1938 49TH ST (ADU TO 1940 49TH STREET RESIDENCE)",2017-01-03,NA,NA,"2017","1938 49TH ST","1938 49TH ST, Port Townsend, WA 98368",48.1382185011007,-122.79765965736
"BLD17-022","FINALED","PERMIT EXISTING LIGHTHOUSE AS ADU TO NEW SFR 1915 WASHINGTON ST.","1935 WASHINGTON STREET - EXISTING BLDG ADU TO NEW SFR 1915 WASHINGTON",2017-02-13,2017-03-24,2018-08-30,"2017","1935 WASHINGTON STREET","1935 WASHINGTON STREET, Port Townsend, WA 98368",48.1105644897959,-122.767697163265
"BLD17-149","WITHDRAWN","NEW ATTACHED ADU FOR SFR, ATTACHED AT GARAGE","ADU IS 1515 HASTINGS AVE, ACCESSORY TO 1517 HASTINGS AVE.",2017-07-18,NA,NA,"2017","1515 HASTINGS AVE","1515 HASTINGS AVE, Port Townsend, WA 98368",48.1200102828283,-122.794123848485
"BLD17-164","FINALED","CONVERT EXISTING GARAGE INTO ADU","2032 LANDES ST",2017-08-09,NA,2020-11-17,"2017","2032 LANDES ST","2032 LANDES ST, Port Townsend, WA 98368",48.1146939081871,-122.782542477912
"BLD17-166","CANCELLED","545 SQ FT DETACHED ADU IN R-II","1817 WILSON ST (ADU) ACCESSORY TO 1805 WILSON ST",2017-08-10,NA,NA,"2017","1817 WILSON ST","1817 WILSON ST, Port Townsend, WA 98368",48.1131180612245,-122.788491489796
"BLD17-184","FINALED","NEW MANUFACTURED HOME AS ADU","3024 CLEVELAND ST (ADU) ACCESSORY TO 3030 CLEVELAND ST.",2017-09-19,NA,2018-08-30,"2017","3024 CLEVELAND ST","3024 CLEVELAND ST, Port Townsend, WA 98368",48.12206,-122.789562755102
"BLD17-219","FINALED","NEW ADU W/ EXISTING SFR AND NEW DETACHED GARAGE UNDER BLD17- 221","1462 11TH ST",2017-11-03,2017-12-07,2022-09-27,"2017","1462 11TH ST","1462 11TH ST, Port Townsend, WA 98368",48.1079075510204,-122.793870183673
"BLD17-220","FINALED","NEW DETACHED ADU FOR EXISTING SFR","216 22ND ST, ACCESSORY TO 212 22ND STREET",2017-11-07,2017-12-13,2018-07-31,"2017","216 22ND ST","216 22ND ST, Port Townsend, WA 98368",48.1160419795918,-122.779238040816
"BLD17-229","FINALED","NEW MANUFACTURED HOME AS ADU","2579 HASTINGS AVE",2017-11-21,2018-02-15,2021-05-06,"2017","2579 HASTINGS AVE","2579 HASTINGS AVE, Port Townsend, WA 98368",48.1200359581653,-122.806109780973
"BLD18-093","WITHDRAWN","CONSTRUCT NEW DETACHED ADU AFTER DEMO OF EXISTING BUILDING","303 CALHOUN ST",2018-05-07,NA,NA,"2018","303 CALHOUN ST","303 CALHOUN ST, Port Townsend, WA 98368",48.1120744,-122.7653622
"BLD18-096","FINALED","REMODEL HOME TO ADD NEW ADU ON GROUND FLOOR OF EXISTING SFR","1524 BLAINE ST",2018-05-11,2018-07-09,2018-10-25,"2018","1524 BLAINE ST","1524 BLAINE ST, Port Townsend, WA 98368",48.1169233,-122.7681918
"BLD18-108","FINALED","NEW ADU ON R-III LOT WITH EXISTING SFR 1534 JEFFERSON ST.","420 BENTON ST",2018-05-25,NA,2019-10-24,"2018","420 BENTON ST","420 BENTON ST, Port Townsend, WA 98368",48.1131742,-122.7649371
"BLD18-139","CANCELLED","NEW ADU ON R-II LOT","1609 HILL ST",2018-07-05,NA,NA,"2018","1609 HILL ST","1609 HILL ST, Port Townsend, WA 98368",48.1117459,-122.7841463
"BLD18-203","FINALED","INSPECTION TO LEGALIZE EXISTING, NON-CONFORMING ADU","1010 G ST",2018-09-25,NA,2019-09-24,"2018","1010 G ST","1010 G ST, Port Townsend, WA 98368",48.122043,-122.772833
"BLD18-236","FINALED","NEW ADU TO REPLACE DEMOLISHED GARAGE, SECONDARY HISTORIC SFR ON LOT","303 CALHOUN ST",2018-11-19,2018-12-27,2019-09-12,"2018","303 CALHOUN ST","303 CALHOUN ST, Port Townsend, WA 98368",48.1120744,-122.7653622
"BLD19-025","FINALED","ADD KITCHEN TO EXISTING GUESTROOM TO CONVERT TO ADU","1525 MADISON ST",2019-01-28,NA,2019-04-29,"2019","1525 MADISON ST","1525 MADISON ST, Port Townsend, WA 98368",48.124068,-122.7622002
"BLD19-032","FINALED","CONVERT PORTION OF EXISTING GARAGE INTO ADU","622 P ST",2019-02-01,2019-03-21,2020-09-29,"2019","622 P ST","622 P ST, Port Townsend, WA 98368",48.1274264,-122.7679167
"BLD19-053","FINALED","NEW ADU","308 DISCOVERY RD",2019-02-28,NA,2021-06-11,"2019","308 DISCOVERY RD","308 DISCOVERY RD, Port Townsend, WA 98368",48.12119,-122.780786
"BLD19-091","FINALED","NEW ADU/GARAGE","1110 CORONA AVE",2019-03-28,NA,2020-12-19,"2019","1110 CORONA AVE","1110 CORONA AVE, Port Townsend, WA 98368",48.123583,-122.7894567
"BLD19-140","FINALED","NEW ADU","710 MADISON ST",2019-05-13,NA,2020-06-05,"2019","710 MADISON ST","710 MADISON ST, Port Townsend, WA 98368",48.1192589393939,-122.756638323232
"BLD19-151","CANCELLED","NEW ADU IN EXISTING STRUCTURE","251 47TH ST & 4673 MCNEILL ST (ADU)",2019-05-28,NA,NA,"2019","4673 MCNEILL ST","4673 MCNEILL ST, Port Townsend, WA 98368",48.1337968526815,-122.778975
"BLD19-234","FINALED","NEW SFR, ACCESSORY TO 5423 CLEVELAND (WHICH WILL BECOME THE ADU)","5425 CLEVELAND ST",2019-08-16,2019-11-08,2021-01-14,"2019","5425 CLEVELAND ST","5425 CLEVELAND ST, Port Townsend, WA 98368",48.1390705349636,-122.789979165507
"BLD19-263","FINALED","PERMIT ADU THAT OWNERS HAVE BEEN USING FOR SEVERAL YEARS","511 ROOT ST (SFR) & 515 ROOT ST (ADU)",2019-09-23,2020-09-03,2021-05-25,"2019","515 ROOT ST","515 ROOT ST, Port Townsend, WA 98368",48.1252495714286,-122.761819142857
"BLD20-007","FINALED","FORMALIZE NON CONFORMING ADU BUILT IN 1971","5515 HENDRICKS ST (SFR) 5511 HENDRICKS ST (ADU)",2020-01-08,2020-01-15,2022-01-20,"2020","5511 HENDRICKS ST","5511 HENDRICKS ST, Port Townsend, WA 98368",48.1397348188423,-122.793048294841
"BLD20-050","FINALED","ADU WITH ATTACHED GARAGE","925 V ST",2020-03-25,2020-09-02,2022-02-09,"2020","925 V ST","925 V ST, Port Townsend, WA 98368",48.1315360282353,-122.769540612642
"BLD20-083","FINALED","CONVERT BASEMENT TO ADU","3001(SFR) & 3023(ADU) ALDER ST",2020-06-23,2020-09-04,2021-03-20,"2020","3023 ALDER ST","3023 ALDER ST, Port Townsend, WA 98368",48.1222251836735,-122.78119155102
"BLD20-110","FINALED","ADU - (ATTACHED) REMODEL OF EXISTING RESIDENCE","1810 (SFR) & 1812 (ADU) CHERRY ST",2020-08-10,2020-09-11,2021-01-21,"2020","1812 CHERRY ST","1812 CHERRY ST, Port Townsend, WA 98368",48.1288968745543,-122.769889131676
"BLD20-142","FINALED","487 SQUARE FEET ADU IN 2ND FLOOR OF EXISTING OUTBUILDING","1775 FIR (SFR) & 1743 FIR (ADU) STREET",2020-09-22,2020-10-09,2021-04-22,"2020","1743 FIR STREET","1743 FIR STREET, Port Townsend, WA 98368",48.1281722282352,-122.76702782549
"BLD20-207","FINALED","DETACHED GARAGE - (REVISED, NO ADU)","927 CALHOUN ST",2020-12-14,2021-02-04,2023-01-13,"2020","927 CALHOUN ST","927 CALHOUN ST, Port Townsend, WA 98368",48.1157595714286,-122.769240081633
"BLD20-214","ISSUED","CONVERT EXISTING BASEMENT INTO AN ACCESSORY DWELLING UNIT","1805 VAN NESS ST (SFR) & 1089 CASS ST (ADU)",2020-12-21,2021-01-21,NA,"2020","1089 CASS ST","1089 CASS ST, Port Townsend, WA 98368",48.1161560555624,-122.771001754908
"BLD21-007","CANCELLED","GARAGE WITH ADU ABOVE","805 25TH ST",2021-01-08,NA,NA,"2021","805 25TH ST","805 25TH ST, Port Townsend, WA 98368",48.1178199591837,-122.786688306122
"BLD21-057","FINALED","ADDITION OF ATTACHED ADU FOR SCHAACK/SCHNEIDER","1919 FIR ST",2021-03-30,2021-04-30,2022-04-05,"2021","1919 FIR ST","1919 FIR ST, Port Townsend, WA 98368",48.129953467033,-122.766282873626
"BLD21-060","EXPIRED","ADU W/COVERED DECK","5058 (ADU) & 5062 (SFR) WILLAMETTE ST",2021-04-05,2021-05-11,NA,"2021","5058 WILLAMETTE ST","5058 WILLAMETTE ST, Port Townsend, WA 98368",48.1364116946346,-122.803922788778
"BLD21-082","FINALED","ATTACHED ADU - GROUND FLOOR REMODEL","3310 (SFR) & 3306 (ADU) KUHN ST",2021-04-15,2021-05-10,2022-04-14,"2021","3306 KUHN ST","3306 KUHN ST, Port Townsend, WA 98368",48.1245882460653,-122.781380117962
"BLD21-120","ISSUED","BUILD ADU WITHIN EXISTING SFR ON MAIN FLOOR","435 (SFR) & 437 (ADU) QUINCY ST",2021-05-24,2021-12-09,NA,"2021","437 QUINCY ST","437 QUINCY ST, Port Townsend, WA 98368",48.1171540408163,-122.756383469388
"BLD21-165","ISSUED","NEW SHOP W/ADU ABOVE","1608 (ADU) & 1614 (SFR) LINCOLN ST",2021-07-21,2021-09-29,NA,"2021","1608 LINCOLN ST","1608 LINCOLN ST, Port Townsend, WA 98368",48.1153958367347,-122.767634469388
"BLD21-202","ISSUED","ACCESSORY DWELLING UNIT, MONTANA ADD, BLK 39, LOT 2","5575 WILSON ST",2021-09-21,2021-10-28,NA,"2021","5575 WILSON ST","5575 WILSON ST, Port Townsend, WA 98368",48.1400821,-122.7890122
"BLD21-226","CLOSED","GARAGE WITH ADU ABOVE","1320 TAYLOR ST",2021-10-13,2021-12-06,2023-03-02,"2021","1320 TAYLOR ST","1320 TAYLOR ST, Port Townsend, WA 98368",48.1217526,-122.7629056
"BLD21-247","ISSUED","BUILD DETACHED ADU","1938 REDWOOD ST",2021-11-15,2022-01-19,NA,"2021","1938 REDWOOD ST","1938 REDWOOD ST, Port Townsend, WA 98368",48.1302756,-122.7712414
"BLD21-261","FINALED","BUILD GARAGE WITH ADU","2112 CHESTNUT ST",2021-11-29,2022-01-19,2022-09-06,"2021","2112 CHESTNUT ST","2112 CHESTNUT ST, Port Townsend, WA 98368",48.1304086,-122.7635202
"BLD21-265","ISSUED","DETACHED ACCESSORY DWELLING UNIT","828 MONROE ST",2021-12-06,2022-01-04,NA,"2021","828 MONROE ST","828 MONROE ST, Port Townsend, WA 98368",48.1207623,-122.756124
"BLD21-300","ISSUED","NEW ADU & STUDIO","2909 SHERMAN ST",2021-12-31,2023-03-23,NA,"2021","2909 SHERMAN ST","2909 SHERMAN ST, Port Townsend, WA 98368",48.1211897,-122.7945539
"BLD22-042","CLOSED","NEW DETACHED ADU","2211 (SFR) & 2213 (ADU) SPRUCE ST",2022-02-24,2022-04-08,2023-03-21,"2022","2213 SPRUCE ST","2213 SPRUCE ST, Port Townsend, WA 98368",48.1336885,-122.7740098
"BLD22-054","CLOSED","ATF ADU INSPECTION AND C OF O","1407 TREMONT ST",2022-03-22,2023-01-13,2023-04-21,"2022","1407 TREMONT ST","1407 TREMONT ST, Port Townsend, WA 98368",48.1258184985639,-122.776606384631
"BLD22-057","ISSUED","BUILD ADU IN BASEMENT","1228 MCPHERSON ST",2022-03-25,2022-04-12,NA,"2022","1228 MCPHERSON ST","1228 MCPHERSON ST, Port Townsend, WA 98368",48.1091359288739,-122.800011742374
"BLD22-065","ISSUED","DETACHED ADU","5228 (ADU) & 5232 (SFR) HENDRICKS ST",2022-04-06,2022-04-26,NA,"2022","5228 HENDRICKS ST","5228 HENDRICKS ST, Port Townsend, WA 98368",48.1380703883549,-122.792794062518
"BLD22-090","EXPIRED","REMOVE ROOF AND CREATE 2ND STORY ADU ABOVE GARAGE","905 ADAMS ST",2022-04-29,2022-12-12,NA,"2022","905 ADAMS ST","905 ADAMS ST, Port Townsend, WA 98368",48.1196855401988,-122.760166844941
"BLD22-126","ISSUED","BUILD DETACHED ADU ABOVE NEW GARAGE/STORAGE FOR JONES","5200 CLEVELAND ST",2022-05-19,2022-08-12,NA,"2022","5200 CLEVELAND ST","5200 CLEVELAND ST, Port Townsend, WA 98368",48.1020316,-122.7892247
"BLD22-129","EXPIRED","BUILD AN ADU WITH A LOFT NEXT TO A NEW SHOP SPACE WITH ATTIC STORAGE","1107 TAYLOR ST",2022-05-20,2022-10-19,NA,"2022","1107 TAYLOR ST","1107 TAYLOR ST, Port Townsend, WA 98368",48.1203270979883,-122.762176238707
"BLD22-227","ISSUED","NEW ACCESSORY DWELLING UNIT","1402 TURTLE BACK RD",2022-09-02,2022-10-26,NA,"2022","1402 TURTLE BACK RD","1402 TURTLE BACK RD, Port Townsend, WA 98368",48.1403339,-122.7937357
"BLD22-249","ROUTED FOR REVIEW","AFTER THE FACT ATTACHED ADU","2527 SEAVIEW DR",2022-09-29,NA,NA,"2022","2527 SEAVIEW DR","2527 SEAVIEW DR, Port Townsend, WA 98368",48.13779,-122.805997
"BLD22-294","ISSUED","CONVERT GARAGE STALL TO ADU, PLUS ADDITION","404 BEECH ST",2022-11-30,2023-01-12,NA,"2022","404 BEECH ST","404 BEECH ST, Port Townsend, WA 98368",48.1199774609475,-122.773357441193
"BLD22-300","ISSUED","CONVERT SHOP TO ADU & NEW ROOF DECK","427 WALKER ST",2022-12-06,2023-01-10,NA,"2022","427 WALKER ST","427 WALKER ST, Port Townsend, WA 98368",48.1116982857143,-122.768281469388
"BLD23-007","ISSUED","NEW SFR (to be ADU in future)","1109 HOLCOMB ST",2023-01-11,2023-04-19,NA,"2023","1109 HOLCOMB ST","1109 HOLCOMB ST, Port Townsend, WA 98368",48.1071494,-122.786167
"BLD23-029","ISSUED","CONSTRUCT ADU IN EXISTING BUILDING","1051 BLAINE ST",2023-02-01,2023-02-21,NA,"2023","1051 BLAINE ST","1051 BLAINE ST, Port Townsend, WA 98368",48.1191264447202,-122.763163610924
"BLD23-033","ISSUED","CONVERT PART OF GARAGE INTO ADU","2274 HENDRICKS ST",2023-02-03,2023-04-02,NA,"2023","2274 HENDRICKS ST","2274 HENDRICKS ST, Port Townsend, WA 98368",48.1162993877551,-122.792524367347
"BLD23-036","ISSUED","Convert above garage space into ADU","1244 CEDAR ST",2023-02-13,2023-03-04,NA,"2023","1244 CEDAR ST","1244 CEDAR ST, Port Townsend, WA 98368",48.1274360212766,-122.775222978723
"BLD23-082","ROUTED FOR REVIEW","LEGALIZE EXISTING ADU","1313 11TH ST",2023-03-29,NA,NA,"2023","1313 11TH ST","1313 11TH ST, Port Townsend, WA 98368",48.1077464834853,-122.791703154535
"BLD23-092","ROUTED FOR REVIEW","Accessory Dwelling Unit","1107 56TH ST",2023-04-10,NA,NA,"2023","1107 56TH ST","1107 56TH ST, Port Townsend, WA 98368",48.1400303,-122.7900864
"BLD23-112","SUBMITTED","New construction of a site built, detached ADU","1072 CENTER ST",2023-04-28,NA,NA,"2023","1072 CENTER ST","1072 CENTER ST, Port Townsend, WA 98368",48.1281541,-122.7735144
